Sample ID,Type,Top,Bottom,width,plot,D10 (mm):,D50 (mm):,D90 (mm):,(D90 / D10) (mm):,(D90 - D10) (mm):,(D75 / D25) (mm):,(D75 - D25) (mm):,D10 (f):,D50 (f):,D90 (f):,(D90 / D10) (f):,(D90 - D10) (f):,(D75 / D25) (f):,(D75 - D25) (f):,GRAVEL_Perc,SAND_Perc,MUD_Perc,Perc_VCOARSEGRAVEL,Perc_COARSEGRAVEL,Perc_MEDIUMGRAVEL,Perc_FGRAVEL,Perc_VFGRAVEL,Perc_VCOARSESAND,Perc_COARSESAND,Perc_MSAND,Perc_FSAND,Perc_VFSAND,Perc_VCOARSESILT,Perc_COARSESILT,Perc_MEDIUMSILT,Perc_FSILT,Perc_VFSILT,Perc_CLAY,Wet mass (g),Dry mass (g),Dry BD (g/mL),Dry BD (kg/m3),Water content (g),Organic matter (g),% OM LOI
UNB-1-1-0-1,N,0,1,1,0.5,0.903864178,5.125042525,36.00484232,39.83435033,35.10097815,6.614801854,11.401192,4.795665241,7.608220309,10.11160638,2.108488786,5.315941141,1.438341342,2.725697941,0,0.056655052,0.943344948,0,0,0,0,0,0,0,0.000377769,0.018176626,0.038100657,0.057095745,0.109516491,0.153388568,0.203816965,0.178222091,0.241305088,1.46281,0.31409,0.31409,314.09,1.14872,0.14206,45.22907447
UNB-1-1-1-2,N,1,2,1,1.5,1.173300774,8.055590717,53.98009028,46.00703542,52.80678951,7.415634751,18.93360189,4.2114288,6.955793899,9.735211391,2.311617233,5.523782591,1.524230567,2.890570187,0,0.085490824,0.914509176,0,0,0,0,0,0,0,0.001596254,0.033428104,0.050466467,0.091535422,0.153466186,0.177889511,0.180147066,0.137623111,0.173847879,2.07699,0.41291,0.41291,412.91,1.66408,0.22416,54.28785934
UNB-1-1-2-3,N,2,3,1,2.5,1.225788144,8.344426317,59.98577396,48.93649384,58.75998582,7.526420554,19.90783657,4.059235794,6.904971418,9.672074628,2.382732889,5.612838835,1.534810892,2.911963905,0,0.096383994,0.903616006,0,0,0,0,0,0,0,0.001266542,0.037695373,0.057422079,0.091208608,0.155739777,0.174404932,0.1780738,0.136734921,0.167453968,1.41421,0.25802,0.25802,258.02,1.15619,0.13113,50.82164173
UNB-1-1-3-4,N,3,4,1,3.5,1.244141193,8.899365686,70.07713131,56.3257062,68.83299012,7.498219116,21.07258884,3.834912472,6.812081775,9.650634064,2.516520034,5.815721592,1.542065666,2.906547985,0,0.109168925,0.890831075,0,0,0,0,0,0,0,0.000954196,0.044294109,0.06392062,0.093736706,0.151325314,0.181151863,0.174953761,0.129122693,0.160540739,1.25873,0.25157,0.25157,251.57,1.00716,0.09745,38.73673331
UNB-1-1-4-5,N,4,5,1,4.5,1.132815524,7.68027112,49.48566985,43.68378504,48.35285432,7.307741766,18.03196612,4.336845382,7.024627045,9.785871343,2.256449211,5.449025961,1.514142085,2.869425654,0,0.07199125,0.92800875,0,0,0,0,0,0,0,0.000384307,0.016369852,0.055237091,0.096716411,0.147871778,0.178654235,0.185167876,0.14034062,0.179257831,1.70827,0.38471,0.38471,384.71,1.32356,0.13626,35.41888695
UNB-1-1-5-6,N,5,6,1,5.5,1.746008862,15.165273,63.37028303,36.29436506,61.62427416,6.887469934,30.29911832,3.980049731,6.04308472,9.161723403,2.301911791,5.181673672,1.577797287,2.783974116,0,0.102835873,0.897164127,0,0,0,0,0,0,0,2.19E-05,0.018577831,0.08423615,0.184617245,0.204647734,0.170944265,0.135306417,0.090459636,0.11118883,1.40266,0.75591,0.75591,755.91,0.64675,0.06554,8.670344353
UNB-1-1-6-7,N,6,7,1,6.5,3.065825291,29.78398569,90.10645678,29.39060391,87.04063149,5.042249789,44.41232743,3.4722257,5.069319362,8.349508798,2.404656125,4.877283098,1.559193799,2.33406759,0,0.204145768,0.795854232,0,0,0,0,0,0,0,0.000488303,0.046963217,0.156694249,0.277859045,0.203554943,0.115161127,0.078560214,0.051997703,0.068721199,2.10196,1.22115,1.22115,1221.15,0.88081,0.09482,7.764811858
UNB-1-1-7-8,N,7,8,1,7.5,2.629582956,32.60273224,100.371719,38.17020444,97.74213607,6.050077955,50.95848866,3.316575266,4.938863317,8.570950274,2.584277331,5.254375009,1.643784671,2.596953731,0,0.240708067,0.759291933,0,0,0,0,0,0,0,0.000772916,0.05761651,0.182318641,0.273144037,0.168313989,0.102750152,0.079924723,0.056993021,0.07816601,1.56397,0.86769,0.86769,867.69,0.69628,0.069952,8.061865413
UNB-1-1-8-9,N,8,9,1,8.5,1.359995942,9.499830828,55.80046232,41.02987412,54.44046637,6.942379873,20.88790468,4.163579115,6.717882462,9.522181938,2.287018374,5.358602823,1.52184716,2.795430309,0,0.085304172,0.914695828,0,0,0,0,0,0,0,0.001384536,0.023314953,0.060604683,0.110834067,0.169936675,0.18833311,0.173269968,0.124739171,0.147582837,2.09434,0.60635,0.60635,606.35,1.48799,0.16785,27.68203183
UNB-1-1-9-10,N,9,10,1,9.5,1.161750289,7.027639964,30.17806255,25.97637618,29.01631226,5.38290899,12.62447623,5.050356003,7.152744003,9.74948428,1.930454858,4.699128277,1.403981261,2.428386034,0,0.032472995,0.967527005,0,0,0,0,0,0,0,1.81E-06,0.006432653,0.026038529,0.062473918,0.152892029,0.217212799,0.211408483,0.14866317,0.174876606,2.35745,0.95065,0.95065,950.65,1.4068,0.15247,16.03849997
UNB-1-1-10-11,N,10,11,1,10.5,1.205802253,7.018321916,27.99453901,23.21652572,26.78873676,5.313278043,12.56414257,5.158710767,7.154658162,9.695790955,1.87949885,4.537080188,1.400683706,2.409602211,0,0.022023951,0.977976049,0,0,0,0,0,0,0,0,0.004333078,0.017690873,0.061637824,0.163730113,0.216764496,0.214259389,0.14964575,0.171938476,1.74709,0.760695,0.760695,760.695,0.986395,0.09274,12.18364687
UNB-1-1-11-12_2,N,11,12,1,11.5,1.193427989,7.086906926,46.29924042,38.79516891,45.10581243,6.364557828,15.34902735,4.432867665,7.140628183,9.710672767,2.190607413,5.277805102,1.462019454,2.670060288,0,0.070385659,0.929614341,0,0,0,0,0,0,0,0.000131827,0.025132084,0.045121749,0.075412754,0.137801622,0.186459922,0.204007921,0.151868688,0.174063433,1.73277,0.48572,0.48572,485.72,1.24705,0.11952,24.60676933
UNB-1-1-12-13_2,N,12,13,1,12.5,1.087855012,6.364143554,38.36540211,35.26701785,37.2775471,6.020961651,13.02056618,4.704050314,7.295817906,9.844297996,2.092728041,5.140247683,1.431591293,2.589993928,0,0.056523978,0.943476022,0,0,0,0,0,0,0,0.000185765,0.019155314,0.037182899,0.065300443,0.128019246,0.185275813,0.212774273,0.159646687,0.192459561,1.16241,0.30122,0.30122,301.22,0.86119,0.08707,28.90578315
UNB-1-1-13-14,N,13,14,1,13.5,1.201808978,7.425810807,46.81381897,38.95279518,45.61200999,6.714231767,16.85771543,4.416921728,7.073235726,9.70057668,2.196230152,5.283654952,1.485565048,2.747222338,0,0.067878046,0.932121954,0,0,0,0,0,0,0,0.000181401,0.022547897,0.045148748,0.088928635,0.147368044,0.180994605,0.19749192,0.147192808,0.170145943,1.70465,0.63729,0.63729,637.29,1.06736,0.09695,15.21285443
UNB-1-1-14-15,N,14,15,1,14.5,2.085369062,18.58167596,67.56551595,32.3997882,65.48014689,6.202226969,32.69706476,3.887569077,5.749975559,8.905481555,2.290758409,5.017912477,1.562436425,2.632786322,0,0.116318573,0.883681427,0,0,0,0,0,0,0,0.001074614,0.020976164,0.094267795,0.207450009,0.225827312,0.1588717,0.118504516,0.079069079,0.09395881,2.20181,1.32123,1.32123,1321.23,0.88058,0.08621,6.524980511
UNB-1-1-15-16,N,15,16,1,15.5,3.553034596,37.80865099,105.8599297,29.79422994,102.3068951,4.426030571,51.29061606,3.239771493,4.725139815,8.136732548,2.511514335,4.896961055,1.548055557,2.146013416,0,0.274577036,0.725422964,0,0,0,0,0,0,0,0.001440457,0.06433013,0.208806449,0.297343846,0.171281845,0.089230677,0.060783615,0.04276187,0.064021112,1.78602,1.17675,1.17675,1176.75,0.60927,0.05579,4.741024007
UNB-1-1-16-17,N,16,17,1,16.5,1.606063475,15.07206624,77.55237641,48.28724244,75.94631293,9.144483233,36.62493183,3.6886852,6.051978979,9.282255372,2.516412995,5.593570172,1.69351329,3.192901644,0,0.141554367,0.858445633,0,0,0,0,0,0,0,0.001312165,0.035046738,0.105195465,0.181314252,0.16979695,0.144820633,0.138113136,0.102179183,0.12222148,1.46621,0.56384,0.56384,563.84,0.90237,0.08863,15.7189983
UNB-1-1-17-18,N,17,18,1,17.5,1.571282421,11.79814812,52.63478951,33.49798153,51.06350709,6.36374281,22.93551532,4.247839511,6.405295763,9.313841772,2.192606794,5.066002262,1.513473407,2.66987553,0,0.07561037,0.92438963,0,0,0,0,0,0,0,0.000213032,0.021807022,0.053590316,0.136468366,0.208189649,0.190919194,0.156337018,0.107277983,0.12519742,1.81875,0.71965,0.71965,719.65,1.0991,0.10289,14.29722782
UNB-1-1-18-19,N,18,19,1,18.5,1.42128308,10.67886798,50.75902016,35.71351892,49.33773708,6.282279304,20.93707033,4.30019197,6.549097468,9.458590357,2.199573978,5.158398387,1.497645036,2.651288085,0,0.073880601,0.926119399,0,0,0,0,0,0,0.002863732,0.005605279,0.018482858,0.046928732,0.117342966,0.198926946,0.197569162,0.165222057,0.110291154,0.136767115,1.84108,0.63865,0.63865,638.65,1.20243,0.14171,22.18899241
UNB-1-1-19-20,N,19,20,1,19.5,2.551709354,24.86921906,197.8685295,77.54352161,195.3168201,14.36547146,103.8873131,2.337385922,5.329494985,8.614320272,3.685450568,6.276934351,2.215542057,3.844533437,0,0.339311758,0.660688242,0,0,0,0,0,0,0,0.04218531,0.179943948,0.117182501,0.114459614,0.153116744,0.142160743,0.108184205,0.06282012,0.079946816,1.4941,0.56337,0.56337,563.37,0.93073,0.10716,19.02124714
UNB-1-1-20-21,N,20,21,1,20.5,1.476798337,11.08603531,48.22440703,32.65470025,46.74760869,6.337114241,21.48989003,4.374092691,6.495112682,9.403311451,2.149774162,5.02921876,1.503327401,2.663826024,0,0.062148252,0.937851748,0,0,0,0,0,0,0,0.001469467,0.011960666,0.048718119,0.131979604,0.205573743,0.196960554,0.159314197,0.110887449,0.133136202,2.19121,1.12356,1.12356,1123.56,1.06765,0.10183,9.063156396
UNB-1-1-21-22,N,21,22,1,21.5,1.538407961,11.99817829,56.36141048,36.63619268,54.82300252,7.262043477,25.6821988,4.149148473,6.381040815,9.344346151,2.252111779,5.195197678,1.56424949,2.860375567,0,0.083216893,0.916783107,0,0,0,0,0,0,0,0.000326936,0.019608335,0.063281623,0.153848393,0.196625893,0.172446433,0.153425194,0.111624426,0.128812769,1.96211,1.11761,1.11761,1117.61,0.8445,0.07922,7.088340298
UNB-1-1-22-23,N,22,23,1,22.5,1.487028044,11.47906673,99.6593502,67.01914641,98.17232216,10.83428401,37.6306915,3.326851022,6.444850837,9.393352429,2.823496564,6.066501407,1.748553217,3.43753191,0,0.173581659,0.826418341,0,0,0,0,0,0,0,0.003597081,0.064974243,0.105010335,0.126432383,0.13619498,0.152656033,0.156940251,0.119015281,0.135179413,1.57155,0.74484,0.74484,744.84,0.82671,0.0646,8.673003598
UNB-1-1-23-24,N,23,24,1,23.5,3.252436201,44.4897785,155.1502262,47.70277313,151.89779,6.384159013,74.52913216,2.688262295,4.490382274,8.264263527,3.07420282,5.576001233,1.764081593,2.674496586,0,0.374254832,0.625745168,0,0,0,0,0,0,0.003075001,0.017812809,0.12997263,0.223394391,0.227619356,0.131866486,0.083624013,0.067627211,0.050222244,0.064785857,1.95216,1.11962,1.11962,1119.62,0.83254,0.06664,5.952019435
UNB-1-1-24-25,N,24,25,1,24.5,7.171503987,68.40204065,191.7472195,26.73737892,184.5757156,4.472399442,101.7022494,2.382722437,3.869816824,7.123508576,2.989651025,4.740786139,1.736940578,2.161049045,0,0.533029611,0.466970389,0,0,0,0,0,0,0.003148324,0.031418552,0.234764616,0.263698119,0.203908623,0.102395303,0.055177123,0.038705346,0.027410157,0.039373836,2.07945,1.35519,1.35519,1355.19,0.72426,0.07655,5.648654432
UNB-1-1-25-26,N,25,26,1,25.5,6.970462773,54.1020001,154.5742972,22.17561477,147.6038344,3.786422489,73.07208509,2.693627649,4.20817426,7.164529844,2.659807062,4.470902195,1.576461412,1.920835396,0,0.436392783,0.563607217,0,0,0,0,0,0,0,0.008032139,0.16000792,0.268352723,0.269167672,0.12879574,0.058328661,0.038606713,0.027597899,0.041110531,2.46841,1.76962,1.76962,1769.62,0.69879,0.05239,2.960522598
UNB-1-1-26-27,N,26,27,1,26.5,5.553401893,56.4668697,167.4288149,30.14887417,161.875413,4.325072183,82.59320283,2.578380255,4.146451534,7.492412479,2.905860168,4.914032224,1.656432427,2.112724211,0,0.45883172,0.54116828,0,0,0,0,0,0,0.00090525,0.017245402,0.177413913,0.263267156,0.240932246,0.116714445,0.060224315,0.04394205,0.031730813,0.047624411,2.08611,1.33278,1.33278,1332.78,0.75333,0.0831,6.235087561
UNB-1-1-27-28,N,27,28,1,27.5,9.414632868,65.58523051,153.6636298,16.32178673,144.2489969,3.163117336,73.31136137,2.702152357,3.930485227,6.730879448,2.490932619,4.028727091,1.515692575,1.661347074,0,0.523941458,0.476058542,0,0,0,0,0,0,0,0.004273195,0.175552612,0.34411565,0.2447249,0.096770055,0.045025189,0.031850248,0.02215346,0.03553469,2.48837,1.75093,1.75093,1750.93,0.73744,0.06687,3.819113271
UNB-1-1-28-29,N,28,29,1,28.5,13.77162854,76.57861379,159.034892,11.54800913,145.2632635,2.303621577,62.88633825,2.652584769,3.706914645,6.182157017,2.330616193,3.529572248,1.379812596,1.20390374,0,0.631371805,0.368628195,0,0,0,0,0,2.08E-05,0.003183049,0.017653152,0.168899647,0.441615138,0.210027982,0.053013648,0.027016621,0.022170113,0.018225747,0.038174083,2.4591,1.9204,1.9204,1920.4,0.5387,0.03083,1.605394709
UNB-1-1-29-30,N,29,30,1,29.5,13.60867846,69.27456709,129.8866555,9.544398889,116.2779771,2.273788792,54.91555084,2.944674878,3.8515304,6.199329217,2.105267805,3.254654339,1.35369001,1.185098251,0,0.569417713,0.430582287,0,0,0,0,0,0,0,0.000956974,0.11477819,0.453682548,0.256834071,0.066661915,0.029987036,0.022241918,0.017387997,0.03746935,2.54342,1.934765,1.934765,1934.765,0.608655,0.057145,2.956208594
UNB-1-1-30-31,N,30,31,1,30.5,3.031583693,40.18020314,110.397913,36.41592125,107.3663293,4.723404744,54.94291568,3.179215196,4.637371332,8.365712633,2.631376651,5.186497438,1.582875757,2.239827164,0,0.297821136,0.702178864,0,0,0,0,0,0,0,0.003553533,0.070199924,0.224067679,0.291842914,0.152432288,0.080668116,0.059203898,0.045931692,0.072099956,2.39076,1.65674,1.65674,1656.74,0.73402,0.07558,4.5619711
UNB-1-1-31-32,N,31,32,1,31.5,1.893738974,18.71427227,66.73332083,35.23892243,64.83958185,6.674924313,33.20882874,3.905448892,5.739717242,9.044546796,2.315878929,5.139097904,1.585436103,2.738751478,0,0.112571392,0.887428608,0,0,0,0,0,0,0,0.000307912,0.026382051,0.085881428,0.215816489,0.221458107,0.148239128,0.115306758,0.083562149,0.103045976,2.50317,1.58157,1.58157,1581.57,0.9216,0.08924,5.642494483
UNB-1-1-32-33,N,32,33,1,32.5,1.302852915,8.558472743,41.194609,31.61877179,39.89175609,6.590313279,18.1887948,4.601400641,6.868430914,9.584110064,2.082867981,4.982709423,1.490737233,2.720347047,0,0.044716029,0.955283971,0,0,0,0,0,0,0,0,0.002925006,0.041791023,0.108799029,0.185545385,0.186485037,0.183425259,0.134807065,0.156222196,2.20926,1.12457,1.12457,1124.57,1.08469,0.08507,7.564669162
UNB-1-1-33-34,N,33,34,1,33.5,1.156502233,5.81751007,24.50892518,21.19228522,23.35242294,5.169553491,10.46954811,5.350548973,7.425382482,9.756016233,1.823367337,4.405467261,1.378146917,2.370039676,0,0.010455155,0.989544845,0,0,0,0,0,0,0,0,0.000700109,0.009755046,0.054322262,0.140125129,0.198506112,0.223435465,0.181057164,0.192098714,2.49824,1.37695,1.37695,1376.95,1.12129,0.12567,9.126693053
UNB-1-1-34-35,N,34,35,1,34.5,1.217099578,5.892133621,27.30073445,22.43097848,26.08363487,4.959063979,10.32788166,5.194916426,7.406994137,9.682337076,1.863809979,4.48742065,1.368290702,2.310067838,0,0.040047153,0.959952847,0,0,0,0,0,0,0,5.20E-06,0.014468541,0.025573415,0.044267129,0.123993283,0.193912111,0.234160508,0.180225121,0.183394695,2.18969,1.1532,1.1532,1153.2,1.03649,0.11885,10.30610475
UNB-1-1-35-36,N,35,36,1,35.5,1.167266995,6.467089558,44.7007917,38.29525883,43.53352471,6.329710126,14.08573335,4.483555806,7.272667695,9.742649691,2.172973888,5.259093884,1.451092395,2.662139432,0,0.070258889,0.929741111,0,0,0,0,0,0,0,0.001644879,0.02925712,0.039356889,0.068241562,0.12578547,0.178386551,0.207128836,0.164767945,0.185430745,2.93642,1.74444,1.74444,1744.44,1.19198,0.15446,8.854417463
UNB-1-1-36-37,N,36,37,1,36.5,1.195853547,6.762607506,44.65359182,37.34035152,43.45773827,6.838655844,15.92162652,4.485079963,7.208204661,9.707743567,2.164452729,5.222663604,1.482822148,2.773712788,0,0.063523025,0.936476975,0,0,0,0,0,0,0,0.001629695,0.022552537,0.039340793,0.081873276,0.142637238,0.170252734,0.20062971,0.161462785,0.179621232,2.40167,1.36348,1.36348,1363.48,1.03819,0.11369,8.338222783
UNB-1-1-37-38,N,37,38,1,37.5,1.183077005,8.123097444,53.91730545,45.57379211,52.73422845,7.703356471,19.4386858,4.213107791,6.943754334,9.723240305,2.307854626,5.510132514,1.537074082,2.945487187,0,0.084202935,0.915797065,0,0,0,0,0,0,0,0.003133777,0.031678035,0.049391122,0.091856604,0.161538358,0.172663989,0.174647412,0.139509887,0.175580814,2.63657,1.57498,1.57498,1574.98,1.06159,0.1576,10.00647627
UNB-1-1-38-39,N,38,39,1,38.5,1.006108873,6.354702746,38.89687231,38.66069903,37.89076344,7.314781985,14.80281147,4.684202037,7.297959643,9.956997855,2.12565508,5.272795818,1.489407146,2.870814866,0,0.053085104,0.946914896,0,0,0,0,0,0,0,9.44E-05,0.02027169,0.032718985,0.074340168,0.143292767,0.172885889,0.185951967,0.158130469,0.212313637,2.5199,1.31897,1.31897,1318.97,1.20093,0.12655,9.594607914
UNB-1-1-39-40,N,39,40,1,39.5,0.979620284,5.462137771,35.54164605,36.28104342,34.56202576,6.510562226,11.93070518,4.814345691,7.516318581,9.995489733,2.076188619,5.181144042,1.439577247,2.702782134,0,0.052861148,0.947138852,0,0,0,0,0,0,0,0.000577302,0.021387002,0.030896844,0.059802889,0.117813889,0.163794291,0.203950161,0.17484996,0.226927662,2.178165,1.159505,1.159505,1159.505,1.01866,0.11384,9.828653337
UNB-1-1-40-41,N,40,41,1,40.5,1.013028403,5.346905441,29.70882966,29.32674894,28.69580125,5.550713048,10.22738186,5.072964417,7.547080122,9.94710966,1.960808088,4.874145243,1.390946423,2.472673113,0,0.044607194,0.955392806,0,0,0,0,0,0,0,8.28E-05,0.01620826,0.028316091,0.050409756,0.108546268,0.174361697,0.221722414,0.182273818,0.218078855,2.2343519,1.24479,1.24479,1244.79,0.9895619,0.27439,22.04307554
UNB-1-1-41-42,N,41,42,1,41.5,1.055906024,4.92562705,25.64101395,24.28342426,24.58510793,5.172334402,9.239171414,5.285402877,7.665476888,9.887302845,1.87068102,4.601899968,1.367678888,2.370815551,0,0.028736121,0.971263879,0,0,0,0,0,0,0,0,0.001874325,0.026861796,0.045700292,0.116111012,0.167832439,0.214677693,0.209981893,0.21696055,1.70239,0.88908,0.88908,889.08,0.81331,0.09296,10.45575201
UNB-1-1-42-43,N,42,43,1,42.5,1.036073559,5.750784492,51.83051506,50.0259027,50.7944415,7.88066418,15.40420953,4.270054459,7.44202551,9.914657849,2.321904309,5.64460339,1.511319973,2.978317225,0,0.081892478,0.918107522,0,0,0,0,0,0,0,0.004136063,0.028247126,0.04950929,0.073937904,0.115541681,0.146704613,0.189415369,0.173523427,0.218984529,1.68086,0.92753,0.92753,927.53,0.75333,0.10264,11.06594935
UNB-1-1-43-44,N,43,44,1,43.5,1.099365574,5.757001556,41.35341718,37.6157105,40.25405161,6.693805106,13.86173603,4.59584964,7.440466682,9.829113076,2.138693353,5.233263436,1.461808582,2.742826547,0,0.061786463,0.938213537,0,0,0,0,0,0,0,0,0.009641659,0.052144804,0.071164903,0.124858981,0.152280525,0.210043353,0.179526407,0.200339369,1.90359,0.95379,0.95379,953.79,0.9498,0.10309,10.80845889
UNB-1-1-44-45,N,44,45,1,44.5,0.894871155,4.848505795,29.09728312,32.51561183,28.20241197,6.45315834,10.41800171,5.102971738,7.688244076,10.1260324,1.984340287,5.023060665,1.424166353,2.690005425,0,0.044053324,0.955946676,0,0,0,0,0,0,0,1.30E-05,0.015796413,0.028243878,0.048811598,0.112991531,0.155132119,0.202484971,0.181372144,0.255154314,1.90606,1.05452,1.05452,1054.52,0.85154,0.21697,20.57523802
UNB-1-1-45-46,N,45,46,1,45.5,0.963736404,5.318619531,32.61984505,33.84726873,31.65610864,6.013070702,10.80964793,4.938106261,7.554732448,10.01907378,2.028930373,5.080967517,1.412832754,2.588101922,0,0.049235694,0.950764306,0,0,0,0,0,0,0,0.000345256,0.017452598,0.03143784,0.054706403,0.10980469,0.1669885,0.213872759,0.17734792,0.228044034,1.78675,0.95522,0.95522,955.22,0.83153,0.07218,7.556374448
UNB-1-1-46-47,N,46,47,1,46.5,0.951320187,4.886610764,23.13278625,24.31650939,22.18146606,5.203569401,8.705604328,5.433917146,7.676950091,10.03778139,1.84724594,4.603864241,1.36406344,2.379501583,0,0.021881511,0.978118489,0,0,0,0,0,0,0,9.10E-06,0.005768489,0.01610392,0.041837888,0.106404934,0.173496538,0.229813469,0.190295443,0.236270216,1.77604,0.92373,0.92373,923.73,0.85231,0.14488,15.68423674
UNB-1-1-47-48,N,47,48,1,47.5,0.950335566,5.209678181,23.22238775,24.43598722,22.27205218,5.28515912,9.222117718,5.428339871,7.584590029,10.03927536,1.849419085,4.610935486,1.371928484,2.401946907,0,0.02097532,0.97902468,0,0,0,0,0,0,0,0.000542453,0.007999703,0.012433163,0.040587791,0.114764702,0.187622051,0.228365187,0.179003043,0.228681907,1.80907,0.86842,0.86842,868.42,0.94065,0.0895,10.3060731
UNB-1-1-48-49,N,48,49,1,48.5,0.910795454,4.677454386,19.25755106,21.1436618,18.3467556,4.94135579,7.869707636,5.69843194,7.7400607,10.10058529,1.772520124,4.402153349,1.345912839,2.304906937,0,0.000656489,0.999343511,0,0,0,0,0,0,0,0,0,0.000656489,0.034905037,0.103514927,0.184417896,0.236853587,0.194797892,0.244854172,1.62459,0.73948,0.73948,739.48,0.88511,0.06926,9.366041002
UNB-1-1-49-50,N,49,50,2,49.5,0.967268541,5.430676086,21.30856573,22.02962757,20.34129719,4.921411385,8.988604087,5.552422701,7.524652469,10.0137959,1.803500281,4.4613732,1.355344104,2.299072118,0,0.011423109,0.988576891,0,0,0,0,0,0,0,0,0.001495415,0.009927694,0.037690231,0.115655097,0.206614728,0.237331849,0.175353748,0.215931238,1.53596,0.762,0.762,762,0.77396,0.0585,7.677165354
UNB-1-1-50-52,N,50,52,2,50.5,0.972833073,5.407131699,21.69264738,22.29842712,20.71981431,4.818433511,8.848704713,5.526650059,7.530920789,10.0055201,1.810413179,4.478870044,1.349831458,2.268564198,0,0.023163582,0.976836418,0,0,0,0,0,0,0,0.00032625,0.005962813,0.016874519,0.032934344,0.108157496,0.203577269,0.241707315,0.176880617,0.213579378,,,,,,,
UNB-1-1-50-52,repeated,50,52,2,51.5,0.972833073,5.407131699,21.69264738,22.29842712,20.71981431,4.818433511,8.848704713,5.526650059,7.530920789,10.0055201,1.810413179,4.478870044,1.349831458,2.268564198,0,0.023163582,0.976836418,0,0,0,0,0,0,0,0.00032625,0.005962813,0.016874519,0.032934344,0.108157496,0.203577269,0.241707315,0.176880617,0.213579378,,,,,,,
UNB-1-1-52-54,N,52,54,2,52.5,0.952765839,5.015702279,19.26246694,20.2174198,18.3097011,4.761635516,8.103893284,5.698063709,7.639332569,10.03559069,1.761228235,4.337526983,1.340764744,2.251457192,0,0.000196633,0.999803367,0,0,0,0,0,0,0,0,0,0.000196633,0.027383324,0.114785128,0.198627131,0.243775981,0.187373922,0.227857881,,,,,,,
UNB-1-1-52-54,repeated,52,54,2,53.5,0.952765839,5.015702279,19.26246694,20.2174198,18.3097011,4.761635516,8.103893284,5.698063709,7.639332569,10.03559069,1.761228235,4.337526983,1.340764744,2.251457192,0,0.000196633,0.999803367,0,0,0,0,0,0,0,0,0,0.000196633,0.027383324,0.114785128,0.198627131,0.243775981,0.187373922,0.227857881,,,,,,,
UNB-1-1-54-56,N,54,56,2,54.5,1.004803152,5.27856533,22.3445268,22.23771567,21.33972365,4.933766631,8.911888067,5.483934697,7.565638414,9.95887139,1.816008384,4.474936693,1.355173805,2.302689477,0,0.017528847,0.982471153,0,0,0,0,0,0,0,4.95E-06,0.007143716,0.010380184,0.036692416,0.116403906,0.192474636,0.237142939,0.182997564,0.216759691,,,,,,,
UNB-1-1-54-56,repeated,54,56,2,55.5,1.004803152,5.27856533,22.3445268,22.23771567,21.33972365,4.933766631,8.911888067,5.483934697,7.565638414,9.95887139,1.816008384,4.474936693,1.355173805,2.302689477,0,0.017528847,0.982471153,0,0,0,0,0,0,0,4.95E-06,0.007143716,0.010380184,0.036692416,0.116403906,0.192474636,0.237142939,0.182997564,0.216759691,,,,,,,
UNB-1-1-56-58,N,56,58,2,56.5,0.999234122,5.364044988,21.39428758,21.41068556,20.39505346,4.905080408,8.926147601,5.546630551,7.542462947,9.966889637,1.796926899,4.420259086,1.35411943,2.294276787,0,0.009099351,0.990900649,0,0,0,0,0,0,0,1.80E-05,0.002518034,0.006563357,0.038671677,0.117591625,0.202513695,0.236953222,0.179866295,0.215304135,,,,,,,
UNB-1-1-56-58,N,56,58,2,57.5,0.999234122,5.364044988,21.39428758,21.41068556,20.39505346,4.905080408,8.926147601,5.546630551,7.542462947,9.966889637,1.796926899,4.420259086,1.35411943,2.294276787,0,0.009099351,0.990900649,0,0,0,0,0,0,0,1.80E-05,0.002518034,0.006563357,0.038671677,0.117591625,0.202513695,0.236953222,0.179866295,0.215304135,,,,,,,
UNB-1-1-58-62,N,58,62,4,58.5,0.963694657,4.961769276,19.41492979,20.14634994,18.45123514,4.656347693,7.917228724,5.6866897,7.654929634,10.01913627,1.76185739,4.332446574,1.334620183,2.219198789,0,0.008444682,0.991555318,0,0,0,0,0,0,0,1.20E-06,0.002024415,0.006419062,0.030290199,0.10177658,0.194537562,0.247675883,0.190877315,0.226397779,,,,,,,
UNB-1-1-58-62,repeated,58,62,4,59.5,0.963694657,4.961769276,19.41492979,20.14634994,18.45123514,4.656347693,7.917228724,5.6866897,7.654929634,10.01913627,1.76185739,4.332446574,1.334620183,2.219198789,0,0.008444682,0.991555318,0,0,0,0,0,0,0,1.20E-06,0.002024415,0.006419062,0.030290199,0.10177658,0.194537562,0.247675883,0.190877315,0.226397779,,,,,,,
UNB-1-1-58-62,repeated,58,62,4,60.5,0.963694657,4.961769276,19.41492979,20.14634994,18.45123514,4.656347693,7.917228724,5.6866897,7.654929634,10.01913627,1.76185739,4.332446574,1.334620183,2.219198789,0,0.008444682,0.991555318,0,0,0,0,0,0,0,1.20E-06,0.002024415,0.006419062,0.030290199,0.10177658,0.194537562,0.247675883,0.190877315,0.226397779,,,,,,,
UNB-1-1-58-62,repeated,58,62,4,61.5,0.963694657,4.961769276,19.41492979,20.14634994,18.45123514,4.656347693,7.917228724,5.6866897,7.654929634,10.01913627,1.76185739,4.332446574,1.334620183,2.219198789,0,0.008444682,0.991555318,0,0,0,0,0,0,0,1.20E-06,0.002024415,0.006419062,0.030290199,0.10177658,0.194537562,0.247675883,0.190877315,0.226397779,,,,,,,
UNB-1-1-62-64,N,62,64,2,62.5,0.996189778,5.582260687,23.16658052,23.25518796,22.17039074,5.151327645,9.632015082,5.431811077,7.484934786,9.971291773,1.835721388,4.539480695,1.370299301,2.364944304,0,0.014593627,0.985406373,0,0,0,0,0,0,0,4.22E-07,0.00452652,0.010066684,0.044578389,0.123454873,0.20270058,0.228608354,0.172926334,0.213137843,,,,,,,
UNB-1-1-62-64,repeated,62,64,2,63.5,0.996189778,5.582260687,23.16658052,23.25518796,22.17039074,5.151327645,9.632015082,5.431811077,7.484934786,9.971291773,1.835721388,4.539480695,1.370299301,2.364944304,0,0.014593627,0.985406373,0,0,0,0,0,0,0,4.22E-07,0.00452652,0.010066684,0.044578389,0.123454873,0.20270058,0.228608354,0.172926334,0.213137843,,,,,,,
UNB-1-1-64-66,N,64,66,2,64.5,1.031200626,5.759588696,22.79469124,22.10500136,21.76349062,4.999749796,9.702974107,5.455158322,7.439818495,9.92145924,1.818729843,4.466300918,1.364761342,2.321855899,0,0.009663807,0.990336193,0,0,0,0,0,0,0,0,0.001879102,0.007784705,0.044164923,0.130364996,0.209465621,0.231911765,0.169924324,0.204504565,,,,,,,
UNB-1-1-64-66,repeated,64,66,2,65.5,1.031200626,5.759588696,22.79469124,22.10500136,21.76349062,4.999749796,9.702974107,5.455158322,7.439818495,9.92145924,1.818729843,4.466300918,1.364761342,2.321855899,0,0.009663807,0.990336193,0,0,0,0,0,0,0,0,0.001879102,0.007784705,0.044164923,0.130364996,0.209465621,0.231911765,0.169924324,0.204504565,,,,,,,
UNB-1-1-66-68,N,66,68,2,67,1.015018594,5.439208302,21.11217225,20.79978867,20.09715365,4.826976686,8.883919376,5.565781164,7.522387608,9.944278129,1.78668148,4.378496965,1.350499134,2.271119859,0,0.003368598,0.996631402,0,0,0,0,0,0,0,4.74E-08,0.001127643,0.002240907,0.037960327,0.1228248,0.206558057,0.239230647,0.177772409,0.212285164,,,,,,,
UNB-1-1-68-70,N,68,70,2,69,1.038284519,5.724830367,23.80351555,22.92581187,22.76523103,4.950648366,9.655848907,5.392681528,7.448551339,9.911582448,1.83796918,4.51890092,1.362328575,2.307617481,0,0.020754623,0.979245377,0,0,0,0,0,0,0,4.89E-05,0.00807762,0.012628062,0.041165294,0.12632541,0.201603567,0.236265132,0.171022357,0.202863619,,,,,,,
UNB-1-1-70-75,N,70,75,5,72.5,1.010716176,5.603791446,22.28015466,22.04392805,21.26943848,4.953408486,9.324000976,5.488096943,7.47938102,9.950406361,1.813088665,4.462309418,1.359594642,2.308421599,0,0.014638573,0.985361427,0,0,0,0,0,0,0,3.60E-06,0.004233499,0.010401478,0.039524527,0.120699872,0.207878846,0.234825482,0.172561678,0.209871023,,,,,,,
UNB-1-1-75-80,N,75,80,5,77.5,1.089480603,5.698245525,22.11621671,20.29978014,21.0267361,4.67753849,9.214808642,5.498751577,7.455266499,9.842143774,1.789886966,4.343392197,1.346969857,2.225749525,0,0.010451828,0.989548172,0,0,0,0,0,0,0,0,0.003778752,0.006673076,0.040000096,0.125031507,0.210114263,0.242369517,0.176203452,0.195829337,,,,,,,
UNB-1-1-80-85,N,80,85,5,82.5,1.040257493,5.571031538,20.86895346,20.06133444,19.82869597,4.577009897,8.771115661,5.582497936,7.487839801,9.908843605,1.774983837,4.326345669,1.338780172,2.194405411,0,0.01241629,0.98758371,0,0,0,0,0,0,0,1.50E-06,0.003987782,0.008427007,0.032534089,0.115215672,0.21488608,0.246664678,0.177265591,0.2010176,,,,,,,
UNB-1-1-85-90,N,85,90,5,87.5,0.976844471,4.996498122,18.14865342,18.57885666,17.17180895,4.459760432,7.653962026,5.783993682,7.644866972,9.999583498,1.72883721,4.215589816,1.323709208,2.156966214,0,0.004528439,0.995471561,0,0,0,0,0,0,0,1.18E-07,0.001855997,0.002672325,0.022133051,0.10174385,0.203702313,0.254796946,0.191438555,0.221656846,,,,,,,
UNB-1-1-90-95,N,90,95,5,92.5,0.996172131,5.215704328,22.72820775,22.81554266,21.73203562,4.808289759,8.600517209,5.459372266,7.582922197,9.971317329,1.826458582,4.511945063,1.347207768,2.265523839,0,0.03040922,0.96959078,0,0,0,0,0,0,0,0,0.007224277,0.023184944,0.034173486,0.102474358,0.188345812,0.24314911,0.183672322,0.217775692,,,,,,,
UNB-1-1-95-98,N,95,98,3,96.5,0.925539197,4.820842003,20.83295958,22.50899761,19.90742038,4.795762025,7.857846075,5.584988383,7.696499137,10.07741829,1.804375873,4.492429906,1.339895544,2.261760071,0,0.023174739,0.976825261,0,0,0,0,0,0,0,7.50E-06,0.00855691,0.014610333,0.027360119,0.097080486,0.179511137,0.245187107,0.190962561,0.236723851,,,,,,,
UNB-1-1-98-102,N,98,102,4,100,0.960754356,5.502870264,29.67473868,30.88691558,28.71398433,5.638521127,10.48168383,5.074620864,7.505599969,10.02354477,1.975230275,4.948923903,1.396438592,2.495316822,0,0.034188178,0.965811822,0,0,0,0,0,0,0,1.71E-07,0.004564567,0.029623439,0.06036389,0.112409716,0.179363234,0.221414137,0.173270776,0.218990069,,,,,,,
UNB-1-1-102-108,N,102,108,6,105,1.006464299,6.504166916,40.72469479,40.46312901,39.71823049,6.51667545,13.92478051,4.617952303,7.264420003,9.956488286,2.156039654,5.338535983,1.4563277,2.704136146,0,0.059859395,0.940140605,0,0,0,0,0,0,0,0.000752567,0.024449426,0.034657402,0.070074306,0.131235957,0.183323813,0.202756548,0.152160883,0.200589097,,,,,,,
UNB-1-1-108-113,N,108,113,5,110.5,1.268779921,10.13405316,79.88919417,62.96536765,78.62041425,9.122278019,28.61787876,3.645855813,6.624644888,9.62234244,2.639254796,5.976486627,1.643096952,3.18939414,0,0.136293104,0.863706896,0,0,0,0,0,0,0,0.001180423,0.043486436,0.091626245,0.118886986,0.147563386,0.162925576,0.163718733,0.116890088,0.153722127,,,,,,,
UNB-1-1-113-118,N,113,118,5,115.5,1.374795335,14.58778058,93.07577741,67.70155166,91.70098208,11.77009062,45.09597954,3.425450429,6.099095785,9.506567423,2.775275142,6.081116994,1.819076258,3.557053523,0,0.189281703,0.810718297,0,0,0,0,0,0,0,0.001843676,0.048869758,0.138568269,0.161336692,0.136637761,0.138108409,0.13688715,0.099755415,0.137992871,,,,,,,
UNB-1-1-118-123,N,118,123,5,120.5,1.481929925,17.55620549,100.1601907,67.58766997,98.67826075,10.81777712,47.13613699,3.319618881,5.831875128,9.398307055,2.831140378,6.078688174,1.805076684,3.435332174,0,0.201540216,0.798459784,0,0,0,0,0,0,0.001775463,0.007341944,0.055011702,0.137411107,0.173513578,0.147383239,0.135463125,0.126022916,0.088676077,0.127400848,,,,,,,
UNB-1-1-123-128,N,123,128,5,125.5,1.202006946,10.42893809,92.16180211,76.67326919,90.95979516,10.97375129,33.84358653,3.439687263,6.583263925,9.700339052,2.820122387,6.26065179,1.728016394,3.455984878,0,0.159348925,0.840651075,0,0,0,0,0,0,0.00219614,0.005810542,0.050416742,0.100925502,0.119631014,0.136187506,0.151398592,0.155998588,0.116874495,0.16056088,,,,,,,
UNB-1-1-128-129,N,128,129,1,128.5,1.237469028,11.36935162,96.54255473,78.01613822,95.3050857,11.50351361,37.54582567,3.372691186,6.458706208,9.658391868,2.863704779,6.285700682,1.76542177,3.524002677,0,0.172990726,0.827009274,0,0,0,0,0,0,0.001009774,0.004796953,0.053526563,0.113657437,0.125250794,0.137439471,0.148913393,0.14896883,0.110527148,0.155909638,,,,,,,
UNB-1-1-129-131,N,129,131,2,130,1.277037739,14.57568173,121.7073312,95.3044123,120.4302935,14.48600131,53.36121693,3.038512021,6.100292828,9.612983124,3.163714034,6.574471103,1.934960256,3.856587506,0,0.231929923,0.768070077,0,0,0,0,0,2.50E-06,0.005659262,0.016452281,0.073293997,0.136521882,0.134383745,0.121732989,0.131889867,0.132275999,0.100166617,0.147620859,,,,,,,
UNB-1-1-131-133,N,131,133,2,132,1.119566651,8.653197488,75.99681453,67.88056295,74.87724788,9.489146128,25.5781566,3.717917242,6.852550956,9.802843866,2.636649293,6.084926624,1.633014395,3.246278274,0,0.126539882,0.873460118,0,0,0,0,0,0,0,0.000498428,0.038758301,0.087283153,0.108986908,0.132880602,0.157168746,0.170215327,0.129425468,0.174783068,,,,,,,
UNB-1-1-133-135,N,133,135,2,134,1.117276854,9.022605229,103.0703353,92.25138333,101.9530585,11.96569198,33.26501437,3.278298925,6.792240221,9.805797564,2.991123686,6.52749864,1.748510488,3.580831926,0,0.169170784,0.830829216,0,0,0,0,0,0,0.006359149,0.009993706,0.055879508,0.096938422,0.101493459,0.11918286,0.144133078,0.16445,0.126647701,0.174922117,,,,,,,
UNB-1-1-138-143,N,138,143,5,140.5,1.150312874,8.237062798,95.94732925,83.40976738,94.79701638,8.832283798,23.74040815,3.381613541,6.923654297,9.763757971,2.88730745,6.38214443,1.601702371,3.142786529,0,0.147108371,0.852891629,0,0,0,0,0,0,0.002493748,0.008289261,0.054560493,0.081764869,0.080652897,0.126032596,0.160168776,0.180107004,0.1348015,0.171128856,,,,,,,
UNB-1-1-143-148,N,143,148,5,145.5,2.707179417,58.93964963,172.0036583,63.53611333,169.2964788,7.950709095,98.42482557,2.539488846,4.084617706,8.52899378,3.358547447,5.989504934,1.949275922,2.991083535,0,0.481304438,0.518695562,0,0,0,0,0,2.45E-05,0.009089512,0.026977483,0.170982507,0.27423048,0.168746062,0.089818964,0.069654951,0.063020678,0.048454811,0.079000096,,,,,,,
UNB-1-1-148-150,N,148,150,2,149,4.65908948,78.80064193,233.3249825,50.07952381,228.665893,4.288735806,103.113173,2.099587307,3.665648808,7.745736246,3.689170829,5.646148939,1.725659612,2.100552446,0,0.589095035,0.410904965,0,0,0,0,0,0.018013357,0.035359903,0.038715613,0.190149001,0.306857161,0.161380882,0.070772997,0.046448229,0.042312896,0.034194988,0.055794972,,,,,,,
UNB-1-1-150-155,N,150,155,5,152.5,3.941248353,64.92872349,160.5301988,40.7308001,156.5889505,4.496843183,85.73363286,2.639083373,3.944999344,7.987131623,3.02647946,5.348048249,1.681804537,2.168912574,0,0.515210148,0.484789852,0,0,0,0,0,1.78E-05,0.003535522,0.014508379,0.173663935,0.323484556,0.196236496,0.088267689,0.053650599,0.047184136,0.037645733,0.0618052,,,,,,,
UNB-1-1-155-157,N,155,157,2,156,3.023723902,56.84746736,185.2879008,61.27804878,182.2641769,7.001643309,96.75202472,2.432159418,4.136760113,8.369457872,3.441163359,5.937298455,1.892116255,2.807693567,0,0.469949789,0.530050211,0,0,0,0,0,3.93E-05,0.015542835,0.039770437,0.156202525,0.258394733,0.181934536,0.101602478,0.067739178,0.059909683,0.046644462,0.072219875,,,,,,,
UNB-1-1-157-160,N,157,160,3,158.5,3.297076522,72.54144289,460.2400805,139.5903545,456.9430039,8.767325203,141.196207,1.119541467,3.785050748,8.244596914,7.364262204,7.125055446,2.182157939,3.132136762,0,0.540606743,0.459393257,0,0,0,0,0,0.01637917,0.073137186,0.072405374,0.159989567,0.218695447,0.140166772,0.084680343,0.063858294,0.058373952,0.045347103,0.066966793,,,,,,,
UNB-1-1-160-163,N,160,163,3,161.5,5.162057646,87.86529476,308.6608485,59.79414986,303.4987909,4.723719354,126.3731149,1.695905596,3.508562751,7.597838032,4.480106705,5.901932436,1.84811537,2.239923254,0,0.619663485,0.380336515,0,0,0,0,0,0.000986322,0.04908716,0.082790653,0.213668629,0.273130721,0.141877433,0.068534404,0.045219172,0.039709246,0.031282432,0.053713829,,,,,,,
UNB-1-1-163-165,N,163,165,2,164,3.920325601,93.38686259,391.1518741,99.77535388,387.2315485,7.275968226,160.538633,1.354199217,3.42063658,7.994810803,5.903718375,6.640611585,2.180332155,2.863139243,0,0.615576647,0.384423353,0,0,0,0,0,0.012949248,0.055933436,0.102989048,0.217914102,0.225790814,0.113060476,0.066008597,0.054671366,0.050918428,0.038544332,0.061220153,,,,,,,