Sample ID,Top,Bottom,width,plot,D10 (mm):,D50 (mm):,D90 (mm):,(D90 / D10) (mm):,(D90 - D10) (mm):,(D75 / D25) (mm):,(D75 - D25) (mm):,D10 (f):,D50 (f):,D90 (f):,(D90 / D10) (f):,(D90 - D10) (f):,(D75 / D25) (f):,(D75 - D25) (f):,% GRAVEL:,% SAND:,% MUD:,% V COARSE GRAVEL:,% COARSE GRAVEL:,% MEDIUM GRAVEL:,% FINE GRAVEL:,% V FINE GRAVEL:,% V COARSE SAND:,% COARSE SAND:,% MEDIUM SAND:,% FINE SAND:,% V FINE SAND:,% V COARSE SILT:,% COARSE SILT:,% MEDIUM SILT:,% FINE SILT:,% V FINE SILT:,% CLAY:
UNB-2-1-0-1,0,1,1,0.5,5.084876419,118.8214127,536.1692605,105.4439118,531.084384,11.05908266,254.9762933,0.899239585,3.073133248,7.619571573,8.473349812,6.720331987,2.88963339,3.467159816,0,0.630393245,0.369606755,0,0,0,0,0,0.007461049,0.107606375,0.166480151,0.20544615,0.14339952,0.09617063,0.074138704,0.062918551,0.055966317,0.03825427,0.042158283
UNB-2-1-1-2,1,2,1,1.5,1.130807088,8.98569988,166.0969777,146.8835661,164.9661706,15.62750309,41.208555,2.589902273,6.798153408,9.788431454,3.779459772,7.198529181,1.880259207,3.966015383,0,0.213698063,0.786301937,0,0,0,0,0,0,0.006996756,0.028602478,0.106004601,0.072094228,0.071426984,0.11289896,0.131665721,0.153383074,0.133802562,0.183124636
UNB-2-1-2-3,2,3,1,2.5,1.112369246,9.23461761,67.53300823,60.71096307,66.42063898,9.086964355,23.82044092,3.888263367,6.758732062,9.812148521,2.523529812,5.923885154,1.609519536,3.18379842,0,0.108472866,0.891527134,0,0,0,0,0,0,0,0.001927299,0.037612317,0.06893325,0.111124109,0.159961883,0.159111487,0.15549731,0.12652883,0.179303515
UNB-2-1-3-4,3,4,1,3.5,1.875210122,15.0458085,54.53267087,29.08083219,52.65746075,5.627700138,25.07937233,4.196735373,6.054494556,9.058732023,2.158518757,4.86199665,1.495033474,2.492545459,0,0.077810845,0.922189155,0,0,0,0,0,0,0.003003464,0.000710832,0.008164668,0.06593188,0.164846026,0.245346804,0.187512048,0.130014587,0.090179816,0.104289875
UNB-2-1-4-5,4,5,1,4.5,1.319312902,10.56693888,54.00130625,40.93138647,52.68199335,7.628197287,23.21067733,4.210861884,6.564298685,9.565997515,2.271743358,5.355135631,1.56087837,2.931342156,0,0.079005632,0.920994368,0,0,0,0,0,0,0,0.002766641,0.019100283,0.057138708,0.131987806,0.189732527,0.173627819,0.154273156,0.119424703,0.151948358
UNB-2-1-5-6,5,6,1,5.5,1.084855623,7.305718848,52.24582892,48.15924607,51.16097329,8.183975216,18.74952815,4.258540327,7.09675805,9.848281228,2.312595508,5.589740902,1.546550972,3.032801776,0,0.07945806,0.92054194,0,0,0,0,0,0,0,0.005065272,0.024739314,0.049653474,0.096619091,0.143655411,0.162985934,0.177031585,0.146668962,0.193580956
UNB-2-1-6-7,6,7,1,6.5,1.165252434,8.553271527,57.15043762,49.04554238,55.98518518,8.627479561,22.2263813,4.129091644,6.869307945,9.745141759,2.360117575,5.616050114,1.58506336,3.108939151,0,0.087478128,0.912521872,0,0,0,0,0,0,0,0.003835939,0.02194294,0.061699249,0.118537828,0.154359754,0.161813035,0.165786098,0.135529841,0.176495316
UNB-2-1-7-8,7,8,1,7.5,1.403972988,11.40259093,55.43538409,39.48465145,54.0314111,7.516532605,25.28490162,4.173049055,6.454494515,9.476269105,2.270826194,5.30322005,1.570644257,2.910067297,0,0.080726443,0.919273557,0,0,0,0,0,0,0.000805756,0.00273461,0.020349986,0.056836091,0.150808776,0.191832827,0.169984959,0.155320044,0.111786689,0.139540262
UNB-2-1-8-9,8,9,1,8.5,1.515058364,11.57843268,52.75161707,34.81820788,51.23655871,6.837754953,23.98492261,4.24464087,6.432416214,9.366410913,2.206643907,5.121770043,1.538169884,2.773522721,0,0.073090498,0.926909502,0,0,0,0,0,0,0,0.000647507,0.015328315,0.057114675,0.148262745,0.199766023,0.180749993,0.158160733,0.11032383,0.129646178
UNB-2-1-9-10,9,10,1,9.5,2.923525891,28.75063918,95.44966757,32.64881897,92.52614168,5.62532757,46.40870428,3.389116017,5.12026216,8.418074917,2.483855635,5.0289589,1.600889683,2.491937109,0,0.214440036,0.785559964,0,0,0,0,0,0,0,0.000807281,0.049468714,0.164164041,0.257393931,0.196868166,0.119533107,0.08481763,0.057215233,0.069731896
UNB-2-1-10-11,10,11,1,10.5,4.418346877,41.76526973,112.0675377,25.36413297,107.6491908,4.056305637,54.48772641,3.157559658,4.581552435,7.822277598,2.477317437,4.66471794,1.533089092,2.020166361,0,0.313833642,0.686166358,0,0,0,0,0,0,0,0.000151476,0.072122543,0.241559624,0.296293707,0.16191938,0.081407318,0.054980553,0.038784648,0.052780752
UNB-2-1-11-12,11,12,1,11.5,4.110030677,41.88909821,112.9961357,27.49277186,108.8861051,4.270657022,55.88662572,3.145654659,4.577281364,7.926635123,2.519868193,4.780980464,1.554606539,2.094458039,0,0.317369441,0.682630559,0,0,0,0,0,0,0,0.000286813,0.073920701,0.243161927,0.291153965,0.155433092,0.081176516,0.058547189,0.041183015,0.055136782
UNB-2-1-12-13,12,13,1,12.5,1.266434907,9.450366853,44.95419239,35.49664664,43.68775748,6.503348399,19.02768576,4.475400523,6.72541395,9.625011358,2.150648039,5.149610835,1.493377246,2.701182714,0,0.05619395,0.94380605,0,0,0,0,0,0,0,0.000131958,0.012320887,0.043741105,0.110988347,0.189288212,0.196991113,0.1716125,0.120544112,0.154381764
UNB-2-1-13-14,13,14,1,13.5,1.32068423,9.667376632,41.99492121,31.79785163,40.67423698,6.197703224,18.57315282,4.573641328,6.692659836,9.564498719,2.091221859,4.99085739,1.478777504,2.631733673,0,0.04572059,0.95427941,0,0,0,0,0,0,0,9.63484E-06,0.008050878,0.037660077,0.110995309,0.202253929,0.201241338,0.17145926,0.119650652,0.148678922
UNB-2-1-14-15,14,15,1,14.5,1.124369946,6.400287058,31.48482744,28.00219584,30.36045749,5.558675347,12.07472006,4.989199429,7.287647672,9.796667487,1.963575044,4.807468058,1.406645885,2.474741124,0,0.042547619,0.957452381,0,0,0,0,0,0,0,0.000563893,0.015476414,0.026507312,0.058255023,0.134533839,0.200269569,0.215385784,0.162068743,0.186939423
UNB-2-1-15-16,15,16,1,15.5,1.029278669,5.964334374,33.95177406,32.98598823,32.92249539,6.225837473,12.49035421,4.880369229,7.389423144,9.924150651,2.033483572,5.043781422,1.434609286,2.638267915,0,0.038197599,0.961802401,0,0,0,0,0,0,0,1.55713E-05,0.011049372,0.027132655,0.071563079,0.12946186,0.179664801,0.206128251,0.1680357,0.20694871
UNB-2-1-16-17,16,17,1,16.5,1.29114533,11.20852556,59.05187129,45.73603755,57.76072596,8.505676898,26.72371045,4.081873412,6.47925968,9.597132887,2.351158872,5.515259475,1.612140201,3.088426053,0,0.090123804,0.909876196,0,0,0,0,0,0,0,6.9887E-05,0.020175789,0.069878128,0.152224761,0.18181591,0.157855599,0.150039921,0.116221814,0.151718191
UNB-2-1-17-18,17,18,1,17.5,2.950057998,29.26279865,89.65046747,30.38939151,86.70040947,4.953642349,43.54190255,3.479545084,5.094788436,8.405040967,2.415557426,4.925495883,1.55014544,2.30848971,0,0.19984981,0.80015019,0,0,0,0,0,0,0,0.000463739,0.040863349,0.158522722,0.275568709,0.209287249,0.115839667,0.076388257,0.050556497,0.07250981
UNB-2-1-17-18,17,18,1,17.5,2.62560196,28.01212214,89.55550998,34.10856305,86.92990802,5.497249896,43.91961646,3.481073992,5.157804907,8.573136064,2.462784785,5.092062072,1.582726101,2.458710063,0,0.195776159,0.804223841,0,0,0,0,0,0,0,0.000173484,0.043462707,0.152139967,0.26530897,0.203316438,0.118884902,0.082261938,0.055347877,0.079103716
UNB-2-1-18-19,18,19,1,18.5,3.375559794,36.7345018,106.7144401,31.61384973,103.3388803,4.726225554,51.97442734,3.228172687,4.766720481,8.21065751,2.543438132,4.982484823,1.57115533,2.240688482,0,0.27159807,0.72840193,0,0,0,0,0,0,0,0.00061841,0.066551905,0.204427755,0.28695014,0.173620483,0.092096222,0.064868518,0.045131216,0.065735351
UNB-2-1-19-20,19,20,1,19.5,1.522733109,14.12270122,66.45451164,43.64160157,64.93177853,8.303213165,32.08785246,3.911489041,6.145840133,9.359121183,2.392725912,5.447632142,1.639285652,3.053669737,0,0.111681902,0.888318098,0,0,0,0,0,0,0,2.92643E-05,0.022701604,0.088951033,0.179882356,0.185319012,0.155075018,0.139327589,0.101157099,0.127557025
UNB-2-1-20-21,20,21,1,20.5,1.735256233,15.31411513,62.20879252,35.84991735,60.47353629,6.356309987,28.34582848,4.006737686,6.028994181,9.170635574,2.288803583,5.163897888,1.545221707,2.668189484,0,0.099151949,0.900848051,0,0,0,0,0,0,0,0,0.016850006,0.082301942,0.172607027,0.222503849,0.176483655,0.130622857,0.087011677,0.111618987
UNB-2-1-21-22,21,22,1,21.5,4.041790243,33.14774566,81.96701151,20.27987762,77.92522127,3.682267715,39.96143251,3.608812791,4.914945432,7.950789832,2.203159402,4.341977041,1.449032151,1.88059452,0,0.190459462,0.809540538,0,0,0,0,0,0,0,6.71753E-05,0.028741244,0.161651043,0.33531539,0.215101751,0.101281006,0.060224493,0.038734128,0.058883769
UNB-2-1-22-23,22,23,1,22.5,2.383010382,21.19895266,84.08005603,35.2831262,81.69704565,5.859162936,37.10679363,3.572092559,5.5598632,8.712999048,2.439186248,5.140906489,1.569073778,2.55069457,0,0.158225165,0.841774835,0,0,0,0,0,0,0,0.001397544,0.042258496,0.114569125,0.207141141,0.227470372,0.153010495,0.104287251,0.065637768,0.084227809
UNB-2-1-23-24,23,24,1,23.5,1.881591543,17.14329664,76.19572955,40.49536141,74.314138,7.093870521,35.19236247,3.714146047,5.866211624,9.053830804,2.437661495,5.339684757,1.613221995,2.826572998,0,0.141418208,0.858581792,0,0,0,0,0,0,0,0.000287823,0.028537093,0.112593292,0.183513336,0.200256441,0.164856261,0.124772945,0.081719555,0.103463253
UNB-2-1-23-24,23,24,1,23.5,1.879718453,17.33897311,83.50498992,44.42420076,81.62527147,7.070360731,35.49922857,3.58199378,5.849837732,9.055267696,2.527996488,5.473273916,1.613956206,2.821783823,0,0.152914612,0.847085388,0,0,0,0,0,0,0,0.000579632,0.043176934,0.109158046,0.171952886,0.203640104,0.164133888,0.123946692,0.079948692,0.103463127
UNB-2-1-24-25,24,25,1,24.5,1.88040073,18.42339145,98.33222519,52.29322857,96.45182446,8.971243711,44.96809623,3.346191899,5.762317527,9.054744139,2.705984717,5.708552239,1.735356924,3.165308004,0,0.197806475,0.802193525,0,0,0,0,0,0,0,0.000574806,0.055849035,0.141382634,0.169215631,0.172135728,0.148714689,0.122561374,0.085800725,0.103765378
UNB-2-1-25-26,25,26,1,25.5,3.775982073,40.48235046,113.8188718,30.14285281,110.0428897,4.697437774,56.33725017,3.13518831,4.626563133,8.048932369,2.567288333,4.913744059,1.586653082,2.231874051,0,0.306743088,0.693256912,0,0,0,0,0,0,0,0.000943771,0.076378091,0.229421225,0.284084894,0.155415232,0.087854897,0.063349897,0.043884257,0.058667736
UNB-2-1-26-27,26,27,1,26.5,5.657192112,47.71151143,135.3932324,23.93293877,129.7360403,3.884698652,63.44886827,2.884772467,4.3895188,7.46569812,2.587967754,4.580925654,1.551667811,1.957802689,0,0.378654285,0.621345715,0,0,0,0,0,0,0,0.002710016,0.120240216,0.255704053,0.281852241,0.146491188,0.069588242,0.045474568,0.030848284,0.047091192
UNB-2-1-27-28,27,28,1,27.5,6.273979419,50.93095057,138.5706468,22.08656382,132.2966674,3.680485524,64.75344431,2.851306408,4.295313546,7.316403488,2.565982901,4.46509708,1.538421149,1.879896097,0,0.404701322,0.595298678,0,0,0,0,0,0,0,0.008011885,0.121301802,0.275387634,0.280606086,0.13602134,0.063554144,0.042138069,0.028677505,0.044301534
UNB-2-1-28-29,28,29,1,28.5,6.114699027,50.74298466,128.6506728,21.03957566,122.5359738,3.391073,59.19335155,2.958469093,4.30064781,7.353502795,2.485577021,4.395033703,1.492886276,1.761741842,0,0.393628177,0.606371823,0,0,0,0,0,0,0,0.004651752,0.103050989,0.285925436,0.298442546,0.130634852,0.061250705,0.040238933,0.027590088,0.048214698
UNB-2-1-29-30,29,30,1,29.5,3.643353095,43.84922918,122.8331921,33.71432549,119.189839,4.40247158,59.7502858,3.025227635,4.511304708,8.100517464,2.677655516,5.07528983,1.578989839,2.138313691,0,0.339046244,0.660953756,0,0,0,0,0,0,0,0.000862634,0.09466559,0.24351802,0.281752547,0.14581493,0.07608147,0.052386896,0.047146821,0.057771091
UNB-2-1-30-31,30,31,1,30.5,3.073138777,32.50644133,137.8721985,44.86364218,134.7990597,6.636338725,62.34713838,2.858596524,4.943130565,8.346071367,2.919639514,5.487474843,1.724643672,2.730387525,0,0.294657694,0.705342306,0,0,0,0,0,0,0.000439053,0.012045948,0.109499344,0.172673349,0.21674084,0.174663634,0.116704765,0.077628879,0.04929431,0.070309878
UNB-2-1-31-32,31,32,1,31.5,1.940090093,20.05362643,119.5409598,61.61619002,117.6008698,8.890906312,48.36214568,3.064423063,5.639993037,9.009660635,2.94008381,5.945237572,1.750941353,3.15233049,0,0.222486014,0.777513986,0,0,0,0,0,0,0,0.008410455,0.082622068,0.131453491,0.157863105,0.183431718,0.142794994,0.113257973,0.079540169,0.100626027
UNB-2-1-32-33,32,33,1,32.5,2.209991078,42.20787933,154.4701005,69.89625528,152.2601094,14.66631529,93.24289157,2.69460048,4.566343845,8.82174374,3.273859633,6.12714326,2.16665388,3.874434554,0,0.402260308,0.597739692,0,0,0,0,0,0,0,0.007521883,0.161816658,0.232921768,0.145650025,0.089482777,0.092325626,0.102176755,0.080037119,0.088067389
UNB-2-1-33-34,33,34,1,33.5,5.291894793,86.73083279,222.6910021,42.08152483,217.3991073,4.700164795,117.5464885,2.166884828,3.527311227,7.561999905,3.489802415,5.395115077,1.813796405,2.232711341,0,0.614734003,0.385265997,0,0,0,0,0,0.000864124,0.006932922,0.062996419,0.262145842,0.281794696,0.137409256,0.070833626,0.050421555,0.045789203,0.036115616,0.044696741
UNB-2-1-34-35,34,35,1,34.5,38.41585925,124.6589183,233.1249919,6.06845705,194.7091327,2.190141925,95.8009828,2.10082442,3.003941996,4.702154167,2.238242341,2.601329747,1.451700575,1.131024362,0,0.827636496,0.172363504,0,0,0,0,0,0,0.001383837,0.07513411,0.421496878,0.32962167,0.087564092,0.029442841,0.016072982,0.013304101,0.010290796,0.015688692
UNB-2-1-35-36,35,36,1,35.5,33.42466516,106.5350195,188.3783348,5.635907912,154.9536697,2.156615852,79.00147782,2.408295043,3.230600353,4.902943082,2.035856485,2.494648039,1.401274783,1.108769219,0,0.781521841,0.218478159,0,0,0,0,0,0,0.000315207,0.018623575,0.357765476,0.404817582,0.124574412,0.039635831,0.018092702,0.01255061,0.00982766,0.013796945
UNB-2-1-36-37,36,37,1,36.5,40.23743258,132.7798776,265.4213762,6.59637952,225.1839436,2.320908718,111.0935926,1.913643529,2.912891567,4.635317935,2.422247333,2.721674406,1.515355599,1.214689782,0,0.838222514,0.161777486,0,0,0,0,0,0,0.002021358,0.121297248,0.415768725,0.299135183,0.080235886,0.028911549,0.016504212,0.012203873,0.008841737,0.015080227
UNB-2-1-37-38,37,38,1,37.5,37.57562908,138.3986381,280.8260774,7.47362278,243.2504483,2.463275433,122.9791185,1.832251185,2.853098349,4.734058932,2.583739048,2.901807748,1.57240268,1.300577953,0,0.830925783,0.169074217,0,0,0,0,0,0.000136311,0.00440851,0.145140395,0.411817287,0.26942328,0.082800923,0.031765005,0.01713835,0.012594289,0.00943104,0.01534461
UNB-2-1-38-39,38,39,1,38.5,42.43247633,127.4546333,243.2040556,5.731554617,200.7715793,2.169829061,97.70196783,2.039760808,2.971944275,4.558687314,2.23491269,2.518926506,1.453529841,1.117581392,0,0.839999902,0.160000098,0,0,0,0,0,0,0.003058858,0.087073139,0.423962281,0.325905624,0.083891167,0.026950922,0.013774022,0.010752827,0.008567389,0.016063771
UNB-2-1-39-40,39,40,1,39.5,32.40651361,134.9475466,257.5002568,7.945941359,225.0937432,2.317583564,110.0015928,1.957354224,2.889529346,4.94757237,2.527683702,2.990218146,1.511724369,1.212621358,0,0.824906478,0.175093522,0,0,0,0,0,0.000246579,0.005532488,0.106925298,0.437531497,0.274670614,0.077412124,0.030752307,0.01943127,0.015682937,0.012287141,0.019527744
UNB-2-1-40-41,40,41,1,40.5,11.26623862,143.9087626,303.1155343,26.90476783,291.8492957,2.842343272,141.9097095,1.722060305,2.796773654,6.471850257,3.75820187,4.749789952,1.687720122,1.5070808,0,0.786908772,0.213091228,0,0,0,0,0,0.004178066,0.013297418,0.161846195,0.396467945,0.211119148,0.062069719,0.036465472,0.030162843,0.027070144,0.022432513,0.034890537
UNB-2-1-41-42,41,42,1,41.5,36.35032481,143.9150627,278.2089963,7.653549114,241.8586715,2.364459064,120.6287734,1.845759023,2.796710497,4.781887934,2.590743361,2.936128912,1.549785238,1.241510165,0,0.838227612,0.161772388,0,0,0,0,0,0,0.005224194,0.141616141,0.440519919,0.250867358,0.070892306,0.029326178,0.017464628,0.014384248,0.01122616,0.018478869
UNB-2-1-42-43,42,43,1,42.5,43.75362856,131.4381921,247.1115764,5.647796185,203.3579479,2.177192697,101.2229833,2.016765497,2.927543553,4.514453523,2.238462295,2.497688026,1.464353547,1.122469102,0,0.847352203,0.152647797,0,0,0,0,0,0,0.001972846,0.093270998,0.440150533,0.311957827,0.07802737,0.026578372,0.014053299,0.010705441,0.00885525,0.014428065
UNB-2-1-43-44,43,44,1,43.5,39.87612123,116.4498725,231.6124137,5.808298463,191.7362924,2.184038736,91.43750781,2.110215516,3.102219035,4.648331105,2.202775532,2.538115589,1.438898565,1.126998444,0,0.823914373,0.176085627,0,0,0,0,0,0,0.003395688,0.071434455,0.373793528,0.375290701,0.094402042,0.027076401,0.013852754,0.011774812,0.009999204,0.018980415
UNB-2-1-44-45,44,45,1,44.5,28.13027249,96.82118194,175.03209,6.222196746,146.9018175,2.17207973,72.46442925,2.514308648,3.368533484,5.151732662,2.048965892,2.637424014,1.386344682,1.119077061,0,0.74618619,0.25381381,0,0,0,0,0,0,0.000326657,0.014012871,0.288528095,0.443318567,0.143824038,0.046730044,0.022333703,0.01515173,0.00990186,0.015872436
UNB-2-1-45-46,45,46,1,45.5,33.77788251,103.0881867,187.6216458,5.554570976,153.8437633,2.139938554,76.54703693,2.414101814,3.278049077,4.887777299,2.024677365,2.473675485,1.39214363,1.097569372,0,0.777378552,0.222621448,0,0,0,0,0,0,0.001425989,0.018659942,0.332223174,0.425069447,0.129698521,0.038222732,0.018157646,0.013180579,0.009244567,0.014117404
UNB-2-1-46-47,46,47,1,46.5,38.47196723,111.3619243,212.4720352,5.522775426,174.000068,2.156844813,85.09171725,2.234655123,3.166672049,4.700048587,2.103254564,2.465393464,1.417498594,1.108922377,0,0.810007146,0.189992854,0,0,0,0,0,0,0.002007636,0.047931779,0.364575518,0.395492213,0.107049207,0.029486775,0.014530953,0.012183707,0.010082937,0.016659275
UNB-2-1-47-48,47,48,1,47.5,30.85590755,102.053505,199.7953279,6.475107808,168.9394204,2.218807052,80.36890295,2.323405248,3.292602363,5.018309461,2.159894175,2.694904213,1.414649795,1.149784216,0,0.770589174,0.229410826,0,0,0,0,0,0.005250026,0.000932313,0.03704809,0.311605179,0.415753565,0.128356214,0.037950668,0.019332331,0.014309161,0.010641563,0.018820888
UNB-2-1-48-49,48,49,1,48.5,32.60478588,102.3124774,194.9147678,5.978102987,162.309982,2.171946456,78.35224852,2.359084694,3.288945997,4.938772444,2.09351214,2.579687751,1.401964468,1.118988538,0,0.776267347,0.223732653,0,0,0,0,0,0,0.002561686,0.028745937,0.320994834,0.423964889,0.127124469,0.036022986,0.018105471,0.013690494,0.010124115,0.018665117
UNB-2-1-49-50,49,50,1,49.5,34.89546842,113.1760824,210.9386263,6.044871609,176.0431579,2.217261435,87.92958919,2.245104794,3.143358991,4.840816492,2.15616505,2.595711697,1.434753618,1.148778887,0,0.798933453,0.201066547,0,0,0,0,0,0,0.003049577,0.044177481,0.380379282,0.371327113,0.110301003,0.035768379,0.018315543,0.013197885,0.008890899,0.014592838
UNB-2-1-50-51,50,51,1,50.5,42.56982697,149.8864957,295.0841216,6.931766995,252.5142946,2.36251623,126.8101434,1.760801803,2.738057688,4.554024964,2.586335927,2.79322316,1.567600311,1.24032424,0,0.854097959,0.145902041,0,0,0,0,0,0,0.00550785,0.169352889,0.434508838,0.244728381,0.066030806,0.026519751,0.015601728,0.012360118,0.009076132,0.016313506
UNB-2-1-51-52,51,52,1,51.5,36.64318787,113.9912655,210.3597548,5.740760207,173.7165669,2.149450302,85.47044104,2.249069375,3.133004812,4.77031117,2.121015574,2.521241795,1.417314905,1.103967754,0,0.809043243,0.190956757,0,0,0,0,0,0,0.00278411,0.04378967,0.383880763,0.378588701,0.10386256,0.033174333,0.016743855,0.012623283,0.009061924,0.015490802
UNB-2-1-52-53,52,53,1,52.5,34.64303682,105.8118662,207.8797367,6.000621072,173.2366999,2.249698622,85.48650622,2.266178958,3.240426669,4.851290787,2.14073596,2.585111829,1.433232705,1.169731746,0,0.784552058,0.215447942,0,0,0,0,0,0,0.003885042,0.041406754,0.339417444,0.399842819,0.124164354,0.034244864,0.01690059,0.013186777,0.010059061,0.016892296
UNB-2-1-53-54,53,54,1,53.5,16.14958996,67.85725293,128.6359837,7.965278623,112.4863937,2.397002577,56.9834999,2.958633827,3.881353163,5.952358655,2.011860542,2.993724828,1.37599146,1.26123146,0,0.552107408,0.447892592,0,0,0,0,0,0,0,0.00014258,0.112181886,0.439782941,0.266537398,0.083747505,0.035083943,0.02303444,0.015774987,0.02371432
UNB-2-1-53-54,53,54,1,53.5,21.10573415,81.40599533,152.6091607,7.230696624,131.5034265,2.327152675,66.46445626,2.712086529,3.618721141,5.566221176,2.052375953,2.854134647,1.392953724,1.218565863,0,0.656788025,0.343211975,0,0,0,0,0,0,0,0.001184087,0.204037585,0.451566353,0.201391832,0.061225984,0.028051672,0.019419013,0.01329844,0.019825034
UNB-2-1-54-55,54,55,1,54.5,18.4550869,82.50185052,174.657124,9.463901466,156.2020371,2.644253473,79.28707685,2.517402606,3.59942971,5.759837659,2.288008142,3.242435053,1.472130152,1.402860477,0,0.646060236,0.353939764,0,0,0,0,0,0,0,0.012315573,0.248513667,0.385230997,0.201576512,0.062282435,0.028513149,0.020450119,0.015701135,0.025416414
UNB-2-1-55-56,55,56,1,55.5,15.10702319,75.69800657,170.8404711,11.30867868,155.7334479,2.739968202,76.52662934,2.549278314,3.723600881,6.048636781,2.372685928,3.499358468,1.476336805,1.454159151,0,0.60303086,0.39696914,0,0,0,0,0,0,0,0.011843698,0.220500953,0.370686209,0.225841518,0.069216019,0.032134059,0.023024043,0.017285886,0.029467614
UNB-2-1-56-57,56,57,1,56.5,12.05775779,72.24845612,168.1548565,13.94578158,156.0970987,2.828654793,75.10065658,2.572137649,3.790889431,6.373894535,2.478053435,3.801756886,1.483020712,1.500116122,0,0.578219823,0.421780177,0,0,0,0,0,0,0,0.011374271,0.205088477,0.361757076,0.232747837,0.07385158,0.036214046,0.026603636,0.019624826,0.032738252
UNB-2-1-57-58,57,58,1,57.5,13.36509485,75.34644566,175.7141653,13.14724416,162.3490704,2.615850438,72.41575356,2.508697595,3.730316733,6.225386113,2.481521139,3.716688518,1.4485854,1.387280057,0,0.607860101,0.392139899,0,0,0,0,0,0,0.002536167,0.025131839,0.192913686,0.387278408,0.221450635,0.06275696,0.030803824,0.024367201,0.019177372,0.033583907
UNB-2-1-58-59,58,59,1,58.5,25.62700263,100.2611778,208.9141863,8.152111634,183.2871837,2.516994118,91.19090765,2.259017633,3.318165007,5.286191441,2.34003992,3.027173808,1.488791225,1.331701845,0,0.73618122,0.26381878,0,0,0,0,0,0.000463517,0.005545889,0.044343375,0.313287977,0.372540462,0.146768994,0.043674215,0.022336587,0.016255147,0.01213277,0.022651066
UNB-2-1-59-60,59,60,1,59.5,25.17059404,90.24118179,165.3858511,6.570597851,140.2152571,2.291442363,72.11122624,2.596092278,3.470070228,5.312116924,2.046197267,2.716024646,1.403274103,1.196255998,0,0.706408472,0.293591528,0,0,0,0,0,0,0,0.003835451,0.262163048,0.440409974,0.170705855,0.053585623,0.024636773,0.016239424,0.010873403,0.017550449
UNB-2-1-59-60,59,60,1,59.5,30.85816488,117.6328605,234.7827331,7.608447682,203.9245682,2.41701569,101.2666794,2.090601784,3.087636965,5.018203922,2.400363359,2.927602137,1.502576824,1.273226838,0,0.790936769,0.209063231,0,0,0,0,0,5.6051E-05,0.005488432,0.074414911,0.380552425,0.33042495,0.108006008,0.036618969,0.018590653,0.014139513,0.01131914,0.020388948
UNB-2-1-60-61,60,61,1,60.5,12.32336468,78.56548776,172.0128794,13.95827226,159.6895147,3.168246816,86.10158607,2.539411505,3.669960485,6.342459977,2.497610161,3.803048472,1.556293385,1.66368473,0,0.597587891,0.402412109,0,0,0,0,0,0,0.000603622,0.013649239,0.239324401,0.344010629,0.205781169,0.081286711,0.039084987,0.027466939,0.019207243,0.02958506
UNB-2-1-60-61,60,61,1,60.5,10.91999875,82.02521112,201.8330524,18.48288238,190.9130537,3.582500741,100.4681152,2.308765644,3.607788788,6.516883499,2.822669991,4.208117856,1.647545584,1.840967003,0,0.602084148,0.397915852,0,0,0,0,0,7.66163E-06,0.003611718,0.044198604,0.255709077,0.298557087,0.195560562,0.080037876,0.039457609,0.028704015,0.021059016,0.033096773
UNB-2-1-61-62,61,62,1,61.5,6.780185226,64.93195826,187.7707286,27.69404115,180.9905434,4.174181385,94.56744286,2.412955915,3.94492747,7.204459598,2.985740251,4.791503684,1.685472711,2.061493293,0,0.514208498,0.485791502,0,0,0,0,0,2.37857E-05,0.003140112,0.034469699,0.21028531,0.266289591,0.225204412,0.100785804,0.051166753,0.037645401,0.027810833,0.0431783
UNB-2-1-62-63,62,63,1,62.5,3.789685438,44.11795424,135.3060322,35.70376339,131.5163467,4.765690132,64.92162297,2.885701936,4.502490295,8.043706182,2.787434863,5.158004246,1.624811042,2.25268515,0,0.350328573,0.649671427,0,0,0,0,0,0,0,0.004176996,0.117744993,0.228406584,0.273760183,0.139704455,0.076073578,0.057989335,0.0419421,0.060201776
UNB-2-1-63-64,63,64,1,63.5,2.99098534,37.32021157,119.217791,39.85903555,116.2268056,5.621130505,57.49110988,3.068328548,4.743899025,8.385163445,2.732811468,5.316834897,1.649015991,2.49086031,0,0.291347444,0.708652556,0,0,0,0,0,0,0,0.001614696,0.087466559,0.202266189,0.269062438,0.156849561,0.090528001,0.070456263,0.050650532,0.071105762
UNB-2-1-64-65,64,65,1,64.5,2.242539156,26.2006601,99.83163105,44.51722985,97.58909189,7.384773336,48.20436574,3.324359193,5.25425303,8.800651109,2.647322566,5.476291916,1.69260746,2.88455364,0,0.213121229,0.786878771,0,0,0,0,0,0,0,0.001550946,0.058887293,0.152682991,0.235276216,0.176998384,0.119233767,0.097346361,0.069886015,0.088138027
UNB-2-1-65-66,65,66,1,65.5,1.783924105,15.40735921,69.11037328,38.74064659,67.32644917,7.060581833,31.33385788,3.854953918,6.020236582,9.130730046,2.368570478,5.275776128,1.590432032,2.819787075,0,0.118096813,0.881903187,0,0,0,0,0,0,0,0.000498705,0.028620673,0.088977435,0.175466968,0.202790356,0.167827301,0.13546313,0.091213922,0.109141509
UNB-2-1-65-66,65,66,1,65.5,1.580631451,12.90577026,55.13299163,34.88035847,53.55236018,6.858982309,25.62312532,4.180940303,6.275839941,9.305283265,2.225643657,5.124342962,1.549112212,2.777994535,0,0.078450183,0.921549817,0,0,0,0,0,0,0,0.000365203,0.017066698,0.061018283,0.160137724,0.211176087,0.175163488,0.146081453,0.104551758,0.124439307
UNB-2-1-66-67,66,67,1,66.5,1.315477873,8.777622272,38.22073098,29.05463616,36.90525311,6.080424597,17.2028343,4.709500819,6.831954097,9.570197303,2.032104393,4.860696483,1.46486579,2.604172071,0,0.030072837,0.969927163,0,0,0,0,0,0,0,5.38131E-05,0.006515309,0.023503715,0.10842902,0.193323235,0.202337125,0.184320324,0.129873532,0.151643927
UNB-2-1-67-68,67,68,1,67.5,1.248421272,7.81929301,32.50831956,26.03954314,31.25989829,5.751920035,14.78070524,4.943047209,6.998746114,9.64567944,1.951363002,4.702632231,1.434834464,2.524043619,0,0.022261233,0.977738767,0,0,0,0,0,0,0,0.000103428,0.005239248,0.016918557,0.084879614,0.182460031,0.210667294,0.196839617,0.140404165,0.162488047
UNB-2-1-68-69,68,69,1,68.5,1.177867562,7.225384233,32.09637834,27.24956469,30.91851078,6.013830201,14.27132725,4.961445673,7.112709975,9.729606951,1.961042727,4.768161278,1.441057063,2.588284134,0,0.025731008,0.974268992,0,0,0,0,0,0,0,5.40417E-07,0.005862454,0.019868014,0.078681423,0.170055005,0.201639675,0.199064164,0.148598535,0.176230191
UNB-2-1-69-70,69,70,1,69.5,1.207444628,7.130349944,33.27757379,27.56033115,32.07012916,5.666827805,13.67832697,4.909305937,7.131811402,9.693827255,1.974582024,4.784521318,1.423308253,2.502541365,0,0.032972626,0.967027374,0,0,0,0,0,0,0,1.98368E-05,0.00861465,0.024338139,0.076318828,0.156432832,0.20502732,0.208827775,0.150205899,0.17021472
UNB-2-1-70-71,70,71,1,70.5,1.19859414,7.045343532,32.20258706,26.86696521,31.00399292,5.567052052,13.29327875,4.956679595,7.14911423,9.704441059,1.957851193,4.747761464,1.416462359,2.476913573,0,0.030611591,0.969388409,0,0,0,0,0,0,0,0.000112049,0.00713277,0.023366771,0.073752438,0.154993613,0.207065932,0.211282825,0.150725712,0.17156789
UNB-2-1-71-72,71,72,1,71.5,1.179405068,6.631373654,27.23620914,23.09317627,26.05680407,5.307981107,12.00641436,5.198330273,7.236476537,9.727724985,1.871317226,4.529394712,1.396151183,2.408163236,0,0.023810598,0.976189402,0,0,0,0,0,0,0,0,0.001128126,0.022682471,0.054935792,0.156985508,0.209662708,0.218779891,0.158369776,0.177455726
UNB-2-1-72-73,72,73,1,72.5,1.250127999,7.012449976,28.69331245,22.95229967,27.44318445,5.020471655,12.08194514,5.123141662,7.155865711,9.643708467,1.882381769,4.520566805,1.38472944,2.327822906,0,0.027844747,0.972155253,0,0,0,0,0,0,0,0.000163686,0.009974792,0.017706269,0.060362433,0.15196009,0.222608708,0.220894035,0.15207713,0.164252858
UNB-2-1-73-74,73,74,1,73.5,1.301925043,7.267235657,27.62647002,21.21970859,26.32454497,5.032185415,12.60359132,5.177804957,7.104377595,9.585137895,1.851197172,4.407332939,1.389153609,2.331185081,0,0.010817802,0.989182198,0,0,0,0,0,0,0,0,0.000662785,0.010155017,0.068325935,0.172752791,0.223284706,0.218737958,0.148695274,0.157385534
UNB-2-1-74-75,74,75,1,74.5,1.325094648,7.813808145,32.66141543,24.64836416,31.33632079,5.256819341,13.92249896,4.936268876,6.999758452,9.559688873,1.936622399,4.623419997,1.408423826,2.394190155,0,0.032835163,0.967164837,0,0,0,0,0,0,0,5.87267E-05,0.013310055,0.019466382,0.073914288,0.171340093,0.221965418,0.207074512,0.140550757,0.152319769
UNB-2-1-75-76,75,76,1,75.5,1.25349832,7.383942272,29.21351123,23.30558466,27.96001291,5.137412373,12.7891732,5.097220421,7.081393011,9.639824222,1.891192341,4.542603801,1.39504634,2.361041881,0,0.025836081,0.974163919,0,0,0,0,0,0,0,4.10355E-06,0.009040197,0.01679178,0.063926679,0.164975735,0.22623516,0.212343213,0.144611405,0.162071727
UNB-2-1-76-77,76,77,1,76.5,1.336253315,8.512836799,37.29043833,27.90671342,35.95418501,5.822611636,16.14390817,4.745050434,6.876144312,9.547590757,2.012115759,4.802540323,1.447396564,2.541666395,0,0.040449083,0.959550917,0,0,0,0,0,0,0,0.000114697,0.014742667,0.025591719,0.088553422,0.187103353,0.209811306,0.189213591,0.133610337,0.151258908
UNB-2-1-77-78,77,78,1,77.5,1.425256205,10.1045742,41.93292119,29.42132161,40.50766498,5.970616556,18.99926268,4.575772853,6.628847661,9.454563002,2.066222102,4.878790149,1.47270559,2.577879919,0,0.047834108,0.952165892,0,0,0,0,0,0,0,5.47657E-05,0.011577957,0.036201385,0.112228495,0.210349889,0.203680104,0.171429981,0.116285812,0.138191611
UNB-2-1-78-79,78,79,1,78.5,1.249812776,8.934285448,45.91630256,36.73854471,44.66648978,7.332252581,20.11844731,4.444849717,6.806431936,9.644072291,2.169718417,5.199222574,1.529934129,2.874256485,0,0.056978871,0.943021129,0,0,0,0,0,0,0,6.3613E-07,0.00935766,0.047620575,0.119301837,0.183218698,0.175074411,0.171162331,0.131849368,0.162414483
UNB-2-1-79-80,79,80,1,79.5,1.263671963,8.261297571,73.80851958,58.40797432,72.54484762,8.321427261,22.5929402,3.760068836,6.919415887,9.628162282,2.560634579,5.868093446,1.57858605,3.056830995,0,0.117400539,0.882599461,0,0,0,0,0,0,0,0.002106511,0.042150222,0.073143805,0.098669364,0.137658074,0.160887236,0.181164388,0.141616457,0.162603942
UNB-2-1-80-81,80,81,1,80.5,1.368241474,14.2015399,108.0819166,78.99330539,106.7136751,11.22863344,41.96975647,3.209802932,6.137808818,9.513461418,2.963877104,6.303658486,1.785846811,3.489110453,0,0.191381201,0.808618799,0,0,0,0,0,0,0.002149002,0.008755702,0.064649103,0.115827394,0.13918651,0.150019944,0.143243132,0.134764516,0.101351564,0.140053134
UNB-2-1-81-82,81,82,1,81.5,3.242315689,49.31205174,159.3878946,49.15865999,156.1455789,6.81653517,87.73953892,2.649386034,4.341915909,8.268759718,3.121009779,5.619373685,1.843768784,2.769038607,0,0.421139417,0.578860583,0,0,0,0,0,0,0.001730859,0.011999911,0.166906631,0.240502015,0.199353691,0.125069562,0.078348311,0.062122067,0.046777968,0.067188984
UNB-2-1-82-83,82,83,1,82.5,2.047783173,27.18120693,127.8983235,62.45696577,125.8505404,11.48140614,67.64999248,2.966930741,5.201246672,8.931721319,3.01042461,5.964790578,1.937918665,3.521227437,0,0.296583336,0.703416664,0,0,0,0,0,0,2.28475E-06,0.006036486,0.099718301,0.190826263,0.174820059,0.134116323,0.113432529,0.106538949,0.078943369,0.095565435
UNB-2-1-83-84,83,84,1,83.5,1.663472235,21.83496555,118.6980312,71.35558306,117.034559,12.31478396,59.47837346,3.074632089,5.517215935,9.231586498,3.002501188,6.15695441,1.917203408,3.622319414,0,0.258543493,0.741456507,0,0,0,0,0,0,0,0.002725288,0.085572005,0.170246199,0.164987043,0.141047584,0.118480365,0.113020335,0.08739475,0.116526431
UNB-2-1-84-85,84,85,1,84.5,1.463779794,10.98728965,96.93826885,66.22462562,95.47448906,11.07706564,36.0411443,3.366789871,6.508020644,9.416085749,2.796754805,6.049295878,1.744894582,3.469503851,0,0.164392934,0.835607066,0,0,0,0,0,0,0.002230823,0.003746711,0.057746171,0.100669229,0.128689486,0.143009797,0.137621216,0.157490333,0.129144257,0.139651977
UNB-2-1-85-86,85,86,1,85.5,1.727832454,22.91463548,115.79102,67.01518989,114.0631876,9.938346467,54.60734925,3.110404723,5.447586854,9.176820957,2.95036234,6.066416234,1.819693208,3.313005837,0,0.242788781,0.757211219,0,0,0,0,0,0,0,0.002072112,0.081076247,0.159640422,0.180164428,0.162295963,0.125049969,0.10313106,0.075488052,0.111081747
UNB-2-1-86-87,86,87,1,86.5,2.804025164,38.42546511,146.8283814,52.36343213,144.0243562,7.342754049,77.12967176,2.767797232,4.701793467,8.478284988,3.063188621,5.710487756,1.825258408,2.876321277,0,0.356186733,0.643813267,0,0,0,0,0,0,0.000439196,0.008965866,0.135971365,0.210810307,0.200348511,0.154821789,0.095218215,0.067916247,0.049660097,0.075848407
UNB-2-1-87-88,87,88,1,87.5,9.808802999,76.11270016,177.301103,18.0757125,167.4923,3.576592439,90.5606578,2.495726584,3.715718988,6.671707194,2.673252446,4.175980611,1.61453131,1.838585729,0,0.581416691,0.418583309,0,0,0,0,0,0,0.00157993,0.019551138,0.231678265,0.328607358,0.192549226,0.09429338,0.043517752,0.02868169,0.021499544,0.038041718
UNB-2-1-88-89,88,89,1,88.5,3.693561155,67.15880822,170.7622896,46.23242514,167.0687285,6.129598398,100.5104977,2.549938683,3.896279561,8.08077182,3.169006327,5.530833137,1.855495295,2.615792554,0,0.523996746,0.476003254,0,0,0,0,0,0,0.00107913,0.015562667,0.21452754,0.292827408,0.15909593,0.0925003,0.065517355,0.055016517,0.042468436,0.061404717
UNB-2-1-89-90,89,90,1,89.5,1.944874331,29.36948923,128.5150658,66.0788534,126.5701915,10.73828333,67.79471801,2.959990599,5.089538014,9.006107347,3.042613497,6.046116748,1.915286823,3.424691471,0,0.302126487,0.697873513,0,0,0,0,0,0,0,0.005833348,0.100722602,0.195570536,0.184361191,0.138580224,0.108062506,0.093105562,0.073382509,0.10038152
UNB-2-1-90-91,90,91,1,90.5,1.110948794,8.439128068,81.29756701,73.17850063,80.18661822,9.494682756,24.52464696,3.620644012,6.888690337,9.813991963,2.710565283,6.193347951,1.625762129,3.247119797,0,0.135269107,0.864730893,0,0,0,0,0,0,0,0.003407962,0.046287888,0.085573258,0.096039679,0.128703462,0.159221876,0.167960949,0.132108922,0.180696005
UNB-2-1-91-92,91,92,1,91.5,1.342890274,14.44970671,104.4198438,77.7575397,103.0769535,13.40553515,49.08470668,3.259532189,6.11281598,9.540442856,2.926936229,6.280910667,1.883877437,3.744756908,0,0.210941034,0.789058966,0,0,0,0,0,0,0,0.002321516,0.065832125,0.142787393,0.145907668,0.129791399,0.131647048,0.133965985,0.103415481,0.144331385
UNB-2-1-91-92,91,92,1,91.5,1.16995951,10.82610669,96.4827625,82.46675347,95.31280299,13.57205954,41.08736283,3.373584975,6.52934168,9.739325683,2.886936525,6.365740708,1.837104129,3.762567759,0,0.182196021,0.817803979,0,0,0,0,0,0,0,0.002912461,0.056482816,0.122800743,0.125614355,0.122117358,0.140091248,0.146508356,0.116647512,0.166825151
UNB-2-1-91-92,91,92,1,91.5,1.287146498,14.09034986,101.1872778,78.61364496,99.90013131,13.47162117,47.73054962,3.304900182,6.149148756,9.60160802,2.90526415,6.296707838,1.87707856,3.75185157,0,0.203503066,0.796496934,0,0,0,0,0,0,0.001275573,0.00545308,0.059032733,0.137741679,0.150704918,0.127552252,0.130915425,0.133746319,0.104464271,0.149113749
UNB-2-1-92-93,92,93,1,92.5,0.995659024,6.547638734,36.42605277,36.58486679,35.43039375,6.589806727,13.67679093,4.778885521,7.254809561,9.972060621,2.086691673,5.193175101,1.456822565,2.720236153,0,0.057963165,0.942036835,0,0,0,0,0,0,0,0.001045461,0.025151812,0.031765891,0.057651098,0.142245842,0.190338055,0.194817316,0.150584562,0.206399962
UNB-2-1-93-94,93,94,1,93.5,0.927082329,5.677897735,26.37231345,28.44657115,25.44523112,6.245693172,11.25225959,5.244832056,7.46042742,10.07501492,1.920941378,4.830182861,1.424766727,2.642861697,0,0.036846334,0.963153666,0,0,0,0,0,0,0,0.000157511,0.014874228,0.021814595,0.042454396,0.133819417,0.191388452,0.200849982,0.164336272,0.230305148
UNB-2-1-94-95,94,95,1,94.5,0.930963622,5.194948101,23.8829167,25.65397416,22.95195308,5.67207489,10.26325948,5.387877153,7.588674949,10.06898759,1.868822785,4.681110432,1.395772576,2.503876581,0,0.010038967,0.989961033,0,0,0,0,0,0,0,0,0.000122126,0.009916841,0.04999304,0.13704462,0.191885045,0.187755859,0.203007321,0.220275148
UNB-2-1-95-96,95,96,1,95.5,0.981739261,6.140785964,25.96239157,26.44530232,24.9806523,5.700323892,11.35502059,5.267432904,7.347360966,9.992372467,1.897009919,4.724939563,1.406170421,2.511043895,0,0.021359737,0.978640263,0,0,0,0,0,0,0,1.26411E-05,0.007599745,0.013747351,0.052169545,0.142670799,0.206765456,0.211182737,0.158065866,0.207785861
UNB-2-1-96-97,96,97,1,96.5,1.192946261,8.959228479,37.59909694,31.51784634,36.40615068,6.593147386,17.80117005,4.733158178,6.802409784,9.71125523,2.051749564,4.978097052,1.488102912,2.720967332,0,0.035769184,0.964230816,0,0,0,0,0,0,0,2.30125E-07,0.008155387,0.027613567,0.100835377,0.205165941,0.195812089,0.170614296,0.125435329,0.166367783
UNB-2-1-97-98,97,98,1,97.5,1.187335293,6.781520457,33.33503848,28.07550544,32.14770319,6.044133478,13.81958568,4.906816797,7.204175514,9.718056887,1.980521648,4.81124009,1.438715717,2.595535521,0,0.03847135,0.96152865,0,0,0,0,0,0,0,0.000127601,0.013089542,0.025254207,0.070703026,0.155494545,0.192541616,0.203749935,0.159703144,0.179336384
UNB-2-1-98-99,98,99,1,98.5,1.280767201,6.421596148,35.81908707,27.96689909,34.53831987,5.352006836,12.26128349,4.803127622,7.282852347,9.608776017,2.000524819,4.805648395,1.399924172,2.420079959,0,0.057406691,0.942593309,0,0,0,0,0,0,0,0.00103471,0.023477973,0.032894008,0.056030217,0.128471845,0.193139979,0.224998904,0.171087375,0.16886499
UNB-2-1-99-10,99,100,1,99.5,1.017549219,6.005678865,33.3171762,32.74256967,32.29962698,6.457973462,12.83085462,4.90759006,7.379456951,9.940685705,2.025573771,5.033095645,1.445430996,2.691081512,0,0.043433778,0.956566222,0,0,0,0,0,0,0,0,0.004501677,0.038932101,0.064082909,0.136081755,0.178118302,0.203125541,0.163988266,0.211169449
UNB-2-1-100-102,100,102,2,101,1.059122433,5.548520874,30.55798642,28.8521756,29.49886399,5.602833991,10.89156322,5.032306708,7.493681056,9.882914912,1.963893595,4.850608204,1.398613506,2.486156747,0,0.046274092,0.953725908,0,0,0,0,0,0,0,0.000398737,0.015471818,0.030403537,0.051737869,0.119393771,0.172644344,0.222594278,0.180415346,0.2069403
UNB-2-1-102-104,102,104,2,103,0.999692211,5.450585796,48.87075351,48.88580004,47.8710613,6.757947928,12.79719734,4.354884841,7.519372994,9.966228399,2.288517094,5.611343558,1.455107517,2.756585234,0,0.081443547,0.918556453,0,0,0,0,0,0,0,0.000769979,0.034951348,0.04572222,0.055383334,0.106320359,0.151749058,0.20529686,0.178926044,0.220880798
UNB-2-1-104-106,104,106,2,105,0.908468976,5.83488393,70.85056651,77.98897752,69.94209753,9.228555832,17.13921063,3.819076801,7.421080327,10.10427513,2.645737611,6.285198332,1.562367016,3.2061049,0,0.110601847,0.889398153,0,0,0,0,0,0,0,0.001475779,0.048229372,0.060896696,0.065361894,0.110135462,0.140125034,0.178069448,0.159105233,0.236601082
UNB-2-1-106-108,106,108,2,107,0.838794871,5.887977331,50.28218951,59.94575221,49.44339464,8.840588331,15.78101588,4.313808717,7.408012168,10.21939434,2.368995709,5.905585622,1.540929058,3.144142382,0,0.079530119,0.920469881,0,0,0,0,0,0,0,0.000755254,0.025655714,0.05311915,0.0729359,0.122819676,0.152218463,0.177023218,0.151340313,0.244132312
UNB-2-1-108-110,108,110,2,109,0.898306964,4.925669738,22.5837333,25.14032977,21.68542634,5.770110157,9.392268199,5.468572193,7.665464385,10.12050386,1.850666592,4.651931669,1.391440066,2.528598862,0,0.00612519,0.99387481,0,0,0,0,0,0,0,2.93695E-06,0.002142961,0.003979291,0.047563885,0.123719374,0.179317402,0.213517939,0.181594702,0.248161508
UNB-2-1-110-112,110,112,2,111,0.842852092,4.558431953,19.08349622,22.64157188,18.24064413,5.257185524,7.96206244,5.711530683,7.777246645,10.2124329,1.788037825,4.500902215,1.359058245,2.394290648,0,0.00038125,0.99961875,0,0,0,0,0,0,0,0,0,0.00038125,0.02671327,0.112443574,0.18057839,0.229966899,0.1898929,0.260023719
UNB-2-1-112-113,112,113,1,112.5,1.046745602,5.667932455,50.7468116,48.4805587,49.700066,7.556540031,14.7266889,4.300539009,7.462961719,9.899873428,2.302007588,5.59933442,1.496158546,2.917725808,0,0.081553684,0.918446316,0,0,0,0,0,0,0,0.000432041,0.029539377,0.051582266,0.067339575,0.115639657,0.147540022,0.194206273,0.175634282,0.218086507
UNB-2-1-113-115,113,115,2,114,1.395467569,19.10478151,139.5490664,100.001655,138.1535988,19.66300313,79.2133047,2.841155623,5.709922431,9.485035688,3.338442855,6.643880066,2.199452581,4.297411776,0,0.312669164,0.687330836,0,0,0,0,0,0,0.002836403,0.009948639,0.117260941,0.182623182,0.11080856,0.106877525,0.111637144,0.121707076,0.098032258,0.138268273
UNB-2-1-115-116,115,116,1,115.5,6.129004392,79.32522607,175.0290489,28.55750098,168.9000445,3.640091019,90.80130041,2.514333714,3.656076462,7.350131546,2.923291966,4.835797832,1.621789863,1.863974525,0,0.602419797,0.397580203,0,0,0,0,0,0,0.004536437,0.020128517,0.226161191,0.351593652,0.161687269,0.072992514,0.04840072,0.038170978,0.029085148,0.047243574